sending_device_id,target_device_id,timestamp
91b9044c-9d45-431c-b663-f2c9ba697a5b,59b6d8ef-5d69-4e86-8043-f0721f0998fb,2026-04-01T09:20:37
59b6d8ef-5d69-4e86-8043-f0721f0998fb,735ca041-7b79-4311-8a50-62962f3b7a08,2026-04-01T09:30:42
69852682-30c2-460b-8d9c-f0ef050016d0,263e3da0-ef13-40d3-bf2c-c56fe8bd70c7,2026-04-01T09:36:53
08f3409e-b7a4-4cfe-9c49-7f923ab42434,cf980661-7107-4a83-b08b-0ca8a482817f,2026-04-01T10:12:44
ee5551e2-f4e7-40e4-af02-376dea216c13,d525ab88-8757-4b63-8f2d-6e9e5d7dc49d,2026-04-01T12:00:47
d84d2e01-e994-4ed4-b42c-aee6ebb676e5,6ee3cb05-3895-4fc4-a8df-df9a1d93b6d8,2026-04-01T15:26:19
15bab4a0-f6e9-4022-b78e-3af70f9a7ed1,178b6a5a-b4f7-4a17-bd77-94b14a6ef940,2026-04-01T15:38:57
36c46700-0c9a-48fb-acfc-8a86a9781c24,0051be17-a4ed-4a94-8c64-64baecef67f6,2026-04-01T17:15:03
d009fbbd-ce83-41dc-bf6e-a092cfd5b3c3,15bab4a0-f6e9-4022-b78e-3af70f9a7ed1,2026-04-01T17:26:34
89ddd145-bd25-4c45-abcc-ceb94f81324f,056cd12b-086b-46ea-9226-f060f2e79af4,2026-04-01T18:36:40
a4faa07a-2ccd-41d3-8e3f-d29bab4ca344,babe6898-594a-4879-bb39-fa566a6dbbd0,2026-04-02T02:13:23
7a4bc178-406b-4e7a-92e1-3eb392bd0dac,31816115-67be-49c5-a4fd-09b30fb7d28a,2026-04-02T08:53:43
360e2f9a-3b18-4f02-8810-9fdbc2f64c7a,c19fb94e-c676-4c0b-abd7-9039c4d54162,2026-04-02T09:52:41
0833b2cd-8eec-4f43-afc8-c9a1b4c35714,2fad2d1a-936f-4b80-8527-5f3aeffa29da,2026-04-02T12:46:38
49afcf65-4281-4015-a86f-b356f129e10a,fb6cfb2e-5ef4-4aa0-9712-817a96913dfa,2026-04-02T13:54:44
7308e119-6e6c-4c91-9ebb-aad34ddf9546,4f0fe88f-6b0e-405c-937f-d3590c987645,2026-04-02T15:12:25
8c423157-f0ad-4968-985c-16296a6c61df,0833b2cd-8eec-4f43-afc8-c9a1b4c35714,2026-04-02T15:30:29
49afcf65-4281-4015-a86f-b356f129e10a,c1a885a3-3e6d-4173-b442-53788b6f9eb5,2026-04-02T15:32:02
cb812d35-4f05-47a3-bd4c-091ab0f30bda,6d77db79-e659-4672-aa50-1c8d365ffb2a,2026-04-02T15:56:13
87a996ff-a67c-47f6-bac2-cefdc0b80184,bd96f83f-8536-4c4c-b5cc-b3f891eed8ce,2026-04-02T15:56:39
5b5f4320-8e96-4cd5-b467-c4a754792a83,5eba7508-96a1-4346-8278-d352dcab4251,2026-04-02T16:34:49
c19fb94e-c676-4c0b-abd7-9039c4d54162,7cb08b4c-7c54-4d36-a70f-dc928d5e828a,2026-04-03T06:34:02
877f1438-20a0-4eaa-8dab-0507f661ad19,0b21644a-529c-4ca7-ac3f-1bbd85c133ce,2026-04-03T07:31:42
735ca041-7b79-4311-8a50-62962f3b7a08,fcfd494f-bd7e-43d7-85f4-4c5de406db8b,2026-04-03T09:08:20
a3b1ede0-ffaa-4fa8-898d-baf99446e64e,f1ed2220-818d-494a-a06e-bb47525dbf67,2026-04-03T09:15:44
15bab4a0-f6e9-4022-b78e-3af70f9a7ed1,b1cdd0b1-568b-4a40-a179-77efdf6e09d6,2026-04-03T09:51:16
7707c427-0d8e-4b06-9d62-d792639bc60d,680e7ef3-d5a0-4cb8-8756-20e0e6020f60,2026-04-03T10:01:29
92007210-f098-44f3-a4b3-5aa0f0184fce,680e7ef3-d5a0-4cb8-8756-20e0e6020f60,2026-04-03T10:15:10
31e1e95b-d8ab-44d4-a04d-9d945e4b3c17,40680984-f074-4106-a126-2fda379ccb87,2026-04-03T10:29:29
31e1e95b-d8ab-44d4-a04d-9d945e4b3c17,388154aa-4f31-4c32-841d-558658116c4e,2026-04-03T11:42:43
a1144f51-2f43-464d-98d4-527baae0ef72,fb6cfb2e-5ef4-4aa0-9712-817a96913dfa,2026-04-03T12:15:04
77f01c62-005e-45ae-8742-0eab6ae2638f,e8da4288-f03e-42c0-9877-688ef2774053,2026-04-03T12:21:52
f0f187a0-9e0e-45e6-945a-751ca2000787,ee5a6aaa-04bc-4835-8d07-6b638d68891c,2026-04-03T12:23:46
0b4c9aed-9476-4e4e-8fae-f9c7fd09fe9e,4f0fe88f-6b0e-405c-937f-d3590c987645,2026-04-03T12:30:48
7056818e-aa7a-4cf1-b04c-8c11678753d4,96cabbb5-6d1c-4168-8646-3b5a506b153d,2026-04-03T12:53:47
2d94daf6-c6ec-4e02-9e25-7beb5378f6b2,59b6d8ef-5d69-4e86-8043-f0721f0998fb,2026-04-03T13:11:36
8fe41a80-b0b0-4346-9a57-5c33fc005700,d76fa00f-7cdc-44ec-a04f-cb840be5f98e,2026-04-03T14:15:46
896f8904-1f9d-4c6f-a7ee-a442b2056dd2,6bfb2f2e-7bf5-4cc3-9032-368f8f346741,2026-04-03T15:00:09
77348adb-f0ea-44ae-a0b5-50902eaa26de,178b6a5a-b4f7-4a17-bd77-94b14a6ef940,2026-04-03T15:13:31
7a4bc178-406b-4e7a-92e1-3eb392bd0dac,5a8b04bd-439d-465e-b2d6-e81278bf6e47,2026-04-03T16:02:19
304f3b7b-b0a5-4c29-b658-0a3269fd4b2a,7de72835-a7b6-4a32-930d-e79c08244a59,2026-04-03T23:13:53
84dd61e8-a96f-4c00-86bf-6bb7fdea31a3,6305589b-a774-43fb-a888-491f6eb6ab0f,2026-04-04T06:16:55
409360e1-31dd-43cf-87ee-c16a2e454f7b,a1619c9b-db97-465a-9766-6b01f94261bc,2026-04-04T07:21:56
49afcf65-4281-4015-a86f-b356f129e10a,0628cf8d-ab5a-41d2-ba3e-36eace6cbd7a,2026-04-04T07:49:14
55484416-67d3-4844-a752-bccccac3a523,84dd61e8-a96f-4c00-86bf-6bb7fdea31a3,2026-04-04T07:55:25
87a996ff-a67c-47f6-bac2-cefdc0b80184,e33a325a-d456-4e7b-9bdb-1c3542068048,2026-04-04T08:33:29
14c0b371-4947-42ae-b4c4-0e1a7ae1da03,7d97d148-2ea7-4a38-b944-44c9b3449a03,2026-04-04T09:04:54
96be6607-a57b-4cb6-ba12-ce3ec972bf90,e665428c-d66a-4927-898d-a512e58767b1,2026-04-04T09:37:29
693c9564-6cdd-49d4-93a0-855de278fbb7,792d6838-fce7-488b-911d-5913f8984cda,2026-04-04T09:39:08
a7922634-5573-4717-b384-5d7e50349cce,91b9044c-9d45-431c-b663-f2c9ba697a5b,2026-04-04T10:17:36
6bfb2f2e-7bf5-4cc3-9032-368f8f346741,df6d9fbe-dde0-4a00-b4d6-0e84a4673ec5,2026-04-04T10:41:24
b1cdd0b1-568b-4a40-a179-77efdf6e09d6,15920c77-a94b-400d-a7a0-4ec2db45d601,2026-04-04T10:56:21
7cb08b4c-7c54-4d36-a70f-dc928d5e828a,9ad87130-ec29-4153-b295-68942c4f3072,2026-04-04T11:59:54
6bfb2f2e-7bf5-4cc3-9032-368f8f346741,086747c9-b4ff-4fa8-aa8e-ee14e167f3d7,2026-04-04T12:13:30
a337c1ef-d094-4dda-9a05-fe1ca9769686,07b9a4ae-4510-41c8-b2e1-803405ad2e82,2026-04-04T13:41:37
680e7ef3-d5a0-4cb8-8756-20e0e6020f60,0ebe8b10-68f3-43ea-9a6c-6dd3d94efd79,2026-04-04T16:01:55
9ad87130-ec29-4153-b295-68942c4f3072,43240187-03a2-431e-b018-db65bdb41cfe,2026-04-04T16:09:49
2d94daf6-c6ec-4e02-9e25-7beb5378f6b2,5bb2a120-fe89-4072-b422-b11346899593,2026-04-04T18:10:10
735ca041-7b79-4311-8a50-62962f3b7a08,cffeec02-77ad-4d94-8aa5-bca9f0eb75f5,2026-04-04T21:19:06
b58045e8-9d4f-42d6-8bf5-08dd8c92c3db,f3691353-bd4f-48e7-a423-4f1aadd0f8cc,2026-04-05T02:02:56
b0ab08b5-272c-4b17-bdd4-66e5bdd51d58,59b6d8ef-5d69-4e86-8043-f0721f0998fb,2026-04-05T03:45:36
d09b7bb1-6397-43b8-9920-15cf2850b89b,6f96b16d-ae13-4754-bb9f-3a4af87ca099,2026-04-05T06:33:01
92007210-f098-44f3-a4b3-5aa0f0184fce,e9dc82a4-ddc4-4c2c-9e95-535ec495eedb,2026-04-05T06:36:11
0bba12af-150a-4009-aa13-eab88019e706,f37aa24c-930b-4ec4-bb40-039a12df2646,2026-04-05T07:03:42
8f01d853-d30f-412d-9a25-282550a00bab,07b9a4ae-4510-41c8-b2e1-803405ad2e82,2026-04-05T07:18:14
b1cdd0b1-568b-4a40-a179-77efdf6e09d6,ca53101d-e7df-4c6b-8247-a0fcc36e28b4,2026-04-05T08:20:50
7a4bc178-406b-4e7a-92e1-3eb392bd0dac,71eed40a-098e-408c-bf99-bfb43b09df9e,2026-04-05T08:52:18
d09b7bb1-6397-43b8-9920-15cf2850b89b,a8b8b9c2-c04b-4254-87f1-6463b1e55c15,2026-04-05T10:17:12
19968c4e-fb27-4fde-aef0-04821dd37ae6,98bfd71a-17c8-452c-bf01-e4e2da48957d,2026-04-05T12:33:46
7707c427-0d8e-4b06-9d62-d792639bc60d,184a7420-6ecd-45c5-baf2-c66a4ab88884,2026-04-05T13:43:03
b3b15eb2-eb60-4249-b4e5-06ea9eebdcec,f66c0d4f-2202-41a4-99b2-e63b9351742e,2026-04-05T14:23:12
125c4553-b12b-40fc-9de7-6e237dde06f2,e3e6a712-e3d4-42bf-8e87-b0d2e3cf36c2,2026-04-06T05:27:23
babe6898-594a-4879-bb39-fa566a6dbbd0,e17b48c8-7369-4cdf-aff5-34c6e5003a6d,2026-04-06T05:48:56
d09b7bb1-6397-43b8-9920-15cf2850b89b,639e0c7b-a1ec-46e8-aae1-175fa4f9ff36,2026-04-06T08:06:36
bd96f83f-8536-4c4c-b5cc-b3f891eed8ce,60ce82d6-490c-4ef3-81c3-62c91d8f9f4a,2026-04-06T09:13:36
25e9d0fc-ddb3-4ebf-be43-aa1370ecd5e3,992797a0-fc5e-4645-beb9-7085b5c82ff2,2026-04-06T09:36:54
69852682-30c2-460b-8d9c-f0ef050016d0,6bfb2f2e-7bf5-4cc3-9032-368f8f346741,2026-04-06T09:42:56
c19fb94e-c676-4c0b-abd7-9039c4d54162,a337c1ef-d094-4dda-9a05-fe1ca9769686,2026-04-06T10:28:50
deed92ac-5da9-40cb-bb00-37228651c314,a337c1ef-d094-4dda-9a05-fe1ca9769686,2026-04-06T11:33:25
2012c636-5078-4479-8d7b-d7f513862480,c4d730c7-f43c-42ea-b3f4-7a32f5401a8f,2026-04-06T11:53:42
3fa8d231-deef-41ff-9322-8f99e6ad931e,388154aa-4f31-4c32-841d-558658116c4e,2026-04-06T13:12:25
b225950d-e5bc-4a78-9ee2-1b1d6e5aa1a3,edc2115b-cb3e-4aa5-9487-dd770f3a2efc,2026-04-06T13:43:40
4b003a65-c4ae-4ce7-8159-5818e14fee59,75123381-0db0-49ba-a94c-b722086a08bd,2026-04-06T13:50:29
877f1438-20a0-4eaa-8dab-0507f661ad19,247b2861-38ce-4909-9cf6-a93bfd901a6c,2026-04-06T16:18:20
037aab6a-4425-43b2-92dd-32fc52bf4944,9eb96d23-95c9-4f59-b7de-a2d4cc380efb,2026-04-06T16:43:47
77f01c62-005e-45ae-8742-0eab6ae2638f,ed3ff872-0a5c-4d4d-9115-b7191eb1a775,2026-04-06T16:47:23
086747c9-b4ff-4fa8-aa8e-ee14e167f3d7,87a996ff-a67c-47f6-bac2-cefdc0b80184,2026-04-06T19:01:31
19968c4e-fb27-4fde-aef0-04821dd37ae6,c70c6df3-e7b8-4f57-8ebe-2ef24ed31325,2026-04-07T05:49:06
7413e02f-7635-4c9f-af5b-a526d6dad983,409360e1-31dd-43cf-87ee-c16a2e454f7b,2026-04-07T06:08:41
7ba998b1-0d9f-4363-9f1a-058f04b18f31,d09b7bb1-6397-43b8-9920-15cf2850b89b,2026-04-07T07:51:13
a62e19d0-a66d-43cb-b750-46503dbe6176,b1db69d3-1510-4a70-b133-e2bc4830a5fc,2026-04-07T08:23:58
cd73f21f-1d32-4271-b562-a70811f6cfa3,7dc2a7f1-85aa-4259-af8c-bffd0b996df2,2026-04-07T09:43:50
df6d9fbe-dde0-4a00-b4d6-0e84a4673ec5,43240187-03a2-431e-b018-db65bdb41cfe,2026-04-07T09:45:13
e665428c-d66a-4927-898d-a512e58767b1,25e9d0fc-ddb3-4ebf-be43-aa1370ecd5e3,2026-04-07T09:51:02
67bf7e31-c186-445a-8cc6-c17c4e8718d3,5bc322be-4c02-47f7-90fb-a9f1abdff947,2026-04-07T10:28:05
d8bc344b-d9a1-4fae-b56b-346374559541,f2e2c712-5fca-465a-ae0e-0e7cfbdc30ba,2026-04-07T10:48:12
60aae356-e78b-4f31-bb34-3ba95794a0e8,247b2861-38ce-4909-9cf6-a93bfd901a6c,2026-04-07T12:14:08
cc2ca58a-a2e3-4c08-88ce-4ddf29b577ea,aa91deb8-4e95-4dc9-8ffe-22c800985d18,2026-04-07T12:15:16
77348adb-f0ea-44ae-a0b5-50902eaa26de,b371b1f0-7511-4d4f-a51b-a16a340af70e,2026-04-07T12:41:22
7dc2a7f1-85aa-4259-af8c-bffd0b996df2,a4faa07a-2ccd-41d3-8e3f-d29bab4ca344,2026-04-07T13:24:19
d8bc344b-d9a1-4fae-b56b-346374559541,e44809dc-66e2-4a2a-a825-9f7c9d668f96,2026-04-07T13:49:06
3c0e484d-13b0-4e02-8016-3ba1306e488b,a781a1ce-6b47-4030-8138-fb48caab0584,2026-04-07T14:12:01
0833b2cd-8eec-4f43-afc8-c9a1b4c35714,8d047c06-3ed9-4329-b5a5-866468dda608,2026-04-07T14:22:24
8f01d853-d30f-412d-9a25-282550a00bab,a7922634-5573-4717-b384-5d7e50349cce,2026-04-07T14:54:04
178b6a5a-b4f7-4a17-bd77-94b14a6ef940,9ad87130-ec29-4153-b295-68942c4f3072,2026-04-07T18:38:11
e42f7168-5ca3-4392-b575-6ad56ea7303e,85064e25-7e19-4051-b3cd-2798dcd7a9d5,2026-04-08T02:50:51
e99142dc-1fe1-4572-b396-6bf3673726a8,3466fc6d-f835-4ea5-90ed-ee505a407cb7,2026-04-08T08:35:12
e3dbabff-d818-4c3d-a4bf-70364410fbde,c273dd66-0624-4142-8a05-08e9b2955763,2026-04-08T08:47:23
43240187-03a2-431e-b018-db65bdb41cfe,36c46700-0c9a-48fb-acfc-8a86a9781c24,2026-04-08T08:48:17
77faf55c-5b0f-478d-8a9f-6377a4315b5f,2399c6c7-2a3d-4fc0-ade3-c55a372caf81,2026-04-08T09:17:19
b98b7109-85e4-45f0-87cc-4d6d1e7984e9,b6ceae83-fce5-4c17-8e0b-9b417e84e0c0,2026-04-08T12:07:23
04a09934-753f-4eaf-ac79-3976a6d5f93f,c19fb94e-c676-4c0b-abd7-9039c4d54162,2026-04-08T12:43:24
e3e6a712-e3d4-42bf-8e87-b0d2e3cf36c2,ef2320fa-6bfe-408f-a0af-04e283dde11a,2026-04-08T13:02:31
6ec8f391-372f-4e0e-8731-35066b7006a6,31e1e95b-d8ab-44d4-a04d-9d945e4b3c17,2026-04-08T13:13:55
640ec9ee-8f11-4761-bd27-62c11542a080,4bd16619-b86a-4055-a5fd-6f333b2b613e,2026-04-08T14:44:30
8b03cc55-7a7e-439b-8d0b-ff4097c9a581,bb195791-ed24-42bc-b1ef-0512acbd7377,2026-04-08T14:45:44
8fe41a80-b0b0-4346-9a57-5c33fc005700,08f3409e-b7a4-4cfe-9c49-7f923ab42434,2026-04-08T14:57:42
a8dcd76d-d6e8-4d37-99a9-4263f540a715,df6d9fbe-dde0-4a00-b4d6-0e84a4673ec5,2026-04-09T06:00:05
d009fbbd-ce83-41dc-bf6e-a092cfd5b3c3,c505ed28-60ed-4af7-802b-1a13d074c473,2026-04-09T06:35:35
75a1bb1f-d74e-4af0-a69b-4e1fe67ba003,442d8a3c-69cc-444a-ab4c-228cb33099a6,2026-04-09T09:21:10
686b4664-814e-46e5-9eec-b9bee9be71b0,babe6898-594a-4879-bb39-fa566a6dbbd0,2026-04-09T09:50:11
8a536690-db65-4fe6-9dd5-a9d63926a5c3,99230ffe-4df0-4473-b482-e93581a7f609,2026-04-09T10:25:55
b0ab08b5-272c-4b17-bdd4-66e5bdd51d58,b225950d-e5bc-4a78-9ee2-1b1d6e5aa1a3,2026-04-09T10:57:05
7ba998b1-0d9f-4363-9f1a-058f04b18f31,6dad5449-efb0-448c-806a-048215006fb5,2026-04-09T11:57:22
263e3da0-ef13-40d3-bf2c-c56fe8bd70c7,edc2115b-cb3e-4aa5-9487-dd770f3a2efc,2026-04-09T13:50:49
d84d2e01-e994-4ed4-b42c-aee6ebb676e5,bc2d3ce6-c42e-4e7c-b042-14ff11e80332,2026-04-09T15:10:33
b58045e8-9d4f-42d6-8bf5-08dd8c92c3db,31a53b9e-044e-4fd7-9180-b70a400fcfa3,2026-04-09T16:10:04
8bbc1c4e-c5d0-4145-9e7e-7c893d8990fa,f37aa24c-930b-4ec4-bb40-039a12df2646,2026-04-09T17:29:27
f2e2c712-5fca-465a-ae0e-0e7cfbdc30ba,cd73f21f-1d32-4271-b562-a70811f6cfa3,2026-04-09T17:42:47
87a996ff-a67c-47f6-bac2-cefdc0b80184,744460b4-a79c-43ce-a0f3-e3e36f67e19b,2026-04-09T23:32:31
18190c18-4637-4f09-af55-50ee21ee8725,cf980661-7107-4a83-b08b-0ca8a482817f,2026-04-10T06:44:31
c19fb94e-c676-4c0b-abd7-9039c4d54162,7413e02f-7635-4c9f-af5b-a526d6dad983,2026-04-10T08:00:39
9eb96d23-95c9-4f59-b7de-a2d4cc380efb,011d559d-55d7-4bef-a80a-7360e7bfa42f,2026-04-10T10:07:54
037aab6a-4425-43b2-92dd-32fc52bf4944,37e724ef-a147-4f4a-9af4-6627e98b6e89,2026-04-10T12:41:18
e276f170-e719-46be-8ad6-83e8a460dabf,19968c4e-fb27-4fde-aef0-04821dd37ae6,2026-04-10T13:22:12
efe2bd50-4658-487d-a731-55814b0506bc,4d721911-c0b4-4acf-ae3e-597cd1916755,2026-04-10T13:24:19
7de72835-a7b6-4a32-930d-e79c08244a59,388154aa-4f31-4c32-841d-558658116c4e,2026-04-10T15:43:13
7a21cb8a-d4ac-4654-8e24-d73988bf131e,263e3da0-ef13-40d3-bf2c-c56fe8bd70c7,2026-04-10T16:02:14
7ba998b1-0d9f-4363-9f1a-058f04b18f31,f6979682-20b9-4976-9827-3138e0d396b7,2026-04-10T16:21:54
9989c4d4-9b14-4f95-8129-77be4524592e,304f3b7b-b0a5-4c29-b658-0a3269fd4b2a,2026-04-11T08:04:12
686b4664-814e-46e5-9eec-b9bee9be71b0,1e32cb74-c797-4ecc-acff-daab00cba029,2026-04-11T08:26:59
e959e9a7-afb5-457a-812b-6fd39d12164b,6d77db79-e659-4672-aa50-1c8d365ffb2a,2026-04-11T08:37:58
7308e119-6e6c-4c91-9ebb-aad34ddf9546,7a4bc178-406b-4e7a-92e1-3eb392bd0dac,2026-04-11T09:13:12
d8bc344b-d9a1-4fae-b56b-346374559541,0f2dbf10-fbbe-4a42-87fb-82703a012f53,2026-04-11T10:39:39
7de72835-a7b6-4a32-930d-e79c08244a59,4f0fe88f-6b0e-405c-937f-d3590c987645,2026-04-11T13:26:59
deed92ac-5da9-40cb-bb00-37228651c314,5eba7508-96a1-4346-8278-d352dcab4251,2026-04-11T13:36:14
a0c49886-7fd1-4c2b-90e1-af6a06c60ad5,1d3e8de3-62ee-4043-afa7-74de9c737292,2026-04-11T15:25:48
55484416-67d3-4844-a752-bccccac3a523,c4d730c7-f43c-42ea-b3f4-7a32f5401a8f,2026-04-11T19:18:33
7a4bc178-406b-4e7a-92e1-3eb392bd0dac,2399c6c7-2a3d-4fc0-ade3-c55a372caf81,2026-04-12T02:15:45
99230ffe-4df0-4473-b482-e93581a7f609,15bab4a0-f6e9-4022-b78e-3af70f9a7ed1,2026-04-12T04:49:39
409360e1-31dd-43cf-87ee-c16a2e454f7b,e3dbabff-d818-4c3d-a4bf-70364410fbde,2026-04-12T07:00:15
b5a71e77-bbb0-402d-b904-27ad7a054e19,ee5a6aaa-04bc-4835-8d07-6b638d68891c,2026-04-12T07:54:45
3e295671-1844-4dc4-b9c6-2657be181bc4,8a7789eb-b3cb-40a4-954f-42c19cc7a490,2026-04-12T08:02:19
c19fb94e-c676-4c0b-abd7-9039c4d54162,d84d2e01-e994-4ed4-b42c-aee6ebb676e5,2026-04-12T08:07:56
037aab6a-4425-43b2-92dd-32fc52bf4944,e959e9a7-afb5-457a-812b-6fd39d12164b,2026-04-12T08:42:22
e33a325a-d456-4e7b-9bdb-1c3542068048,69852682-30c2-460b-8d9c-f0ef050016d0,2026-04-12T08:46:28
3466fc6d-f835-4ea5-90ed-ee505a407cb7,881cc703-ed30-4d42-9914-420b5d1da34b,2026-04-12T10:38:09
5de02c5c-cf50-4cde-9e6e-ee093e8506c6,49afcf65-4281-4015-a86f-b356f129e10a,2026-04-12T12:23:14
c4d730c7-f43c-42ea-b3f4-7a32f5401a8f,08f3409e-b7a4-4cfe-9c49-7f923ab42434,2026-04-12T12:58:55
e3e6a712-e3d4-42bf-8e87-b0d2e3cf36c2,7a4bc178-406b-4e7a-92e1-3eb392bd0dac,2026-04-12T13:40:43
9989c4d4-9b14-4f95-8129-77be4524592e,75123381-0db0-49ba-a94c-b722086a08bd,2026-04-12T14:07:29
dcea676f-3068-4630-910b-bf457f16c97a,d84d2e01-e994-4ed4-b42c-aee6ebb676e5,2026-04-12T14:46:05
a4b3bd6e-e1eb-4a83-a3fe-fc592780b243,8f01d853-d30f-412d-9a25-282550a00bab,2026-04-12T15:37:36
e959e9a7-afb5-457a-812b-6fd39d12164b,02cf8b3b-1bde-458d-bd74-2460984c12fd,2026-04-12T16:06:28
7056818e-aa7a-4cf1-b04c-8c11678753d4,0ebe8b10-68f3-43ea-9a6c-6dd3d94efd79,2026-04-13T02:54:25
1ee3e7fb-572c-4f28-8f18-0ff16ea99221,03936286-c87f-4d71-9a61-dae568aee85a,2026-04-13T06:36:36
06fee494-1c6b-4561-8db0-54ccc69a36e6,37e724ef-a147-4f4a-9af4-6627e98b6e89,2026-04-13T07:19:12
bd96f83f-8536-4c4c-b5cc-b3f891eed8ce,19968c4e-fb27-4fde-aef0-04821dd37ae6,2026-04-13T08:20:47
13c61893-b371-401b-8f93-acb5edce67cc,60ce82d6-490c-4ef3-81c3-62c91d8f9f4a,2026-04-13T08:48:28
77faf55c-5b0f-478d-8a9f-6377a4315b5f,69852682-30c2-460b-8d9c-f0ef050016d0,2026-04-13T09:29:38
15920c77-a94b-400d-a7a0-4ec2db45d601,31a53b9e-044e-4fd7-9180-b70a400fcfa3,2026-04-13T10:25:02
640ec9ee-8f11-4761-bd27-62c11542a080,8b03cc55-7a7e-439b-8d0b-ff4097c9a581,2026-04-13T11:22:16
a98fe90c-d940-4cde-9036-8113744a9182,038ea81d-6b63-4657-9669-658a2454f708,2026-04-13T12:16:45
87a996ff-a67c-47f6-bac2-cefdc0b80184,a8582ec4-2fb8-4651-ba2b-811db58f9b89,2026-04-13T13:34:33
36c46700-0c9a-48fb-acfc-8a86a9781c24,2b104372-52a3-49c2-9a04-faefb1546b2d,2026-04-13T13:43:12
a7922634-5573-4717-b384-5d7e50349cce,d57dcd6a-5392-41a0-b569-c53aba0c0f30,2026-04-13T14:23:34
0b21644a-529c-4ca7-ac3f-1bbd85c133ce,f6979682-20b9-4976-9827-3138e0d396b7,2026-04-13T15:10:30
d09b7bb1-6397-43b8-9920-15cf2850b89b,8fe41a80-b0b0-4346-9a57-5c33fc005700,2026-04-13T17:26:30
f1ed2220-818d-494a-a06e-bb47525dbf67,49afcf65-4281-4015-a86f-b356f129e10a,2026-04-13T21:26:41
7cb08b4c-7c54-4d36-a70f-dc928d5e828a,ef2320fa-6bfe-408f-a0af-04e283dde11a,2026-04-14T05:18:38
17b70f8c-98f7-497a-bfb0-207fff6d7ee3,2012c636-5078-4479-8d7b-d7f513862480,2026-04-14T06:06:42
71f9db6d-e104-4af1-a59a-47ab690a4f6c,d84d2e01-e994-4ed4-b42c-aee6ebb676e5,2026-04-14T07:20:33
7d331c92-ca5a-4cad-8e3c-b4f13db2b4be,9dff9e06-a178-4b24-a6cc-c9140a8cde24,2026-04-14T09:34:41
591248f4-a5f7-4e30-8a63-1da809186449,086747c9-b4ff-4fa8-aa8e-ee14e167f3d7,2026-04-14T11:59:12
f0488729-a720-46ff-8aae-7762fb7ec9a4,75284f26-7464-4819-b7de-c1e5c9656dfd,2026-04-14T13:35:18
9ad87130-ec29-4153-b295-68942c4f3072,32b16251-6690-4f81-96a1-98c85156e7e9,2026-04-14T13:50:17
393eb2b0-f0b5-4173-9bdd-b7e4947acf90,42a74304-b382-42e5-be0e-cf81899ce5fa,2026-04-14T14:49:06
693c9564-6cdd-49d4-93a0-855de278fbb7,37e724ef-a147-4f4a-9af4-6627e98b6e89,2026-04-14T14:59:45
9da80341-1743-40e6-827f-090fb1500fe9,71eed40a-098e-408c-bf99-bfb43b09df9e,2026-04-15T02:16:24
682c4b93-987b-4518-af0f-783813e4c6bd,49afcf65-4281-4015-a86f-b356f129e10a,2026-04-15T04:16:48
0edd5190-a48d-4a47-ac0c-6407cd249bc7,0628cf8d-ab5a-41d2-ba3e-36eace6cbd7a,2026-04-15T04:55:46
69852682-30c2-460b-8d9c-f0ef050016d0,f07d16f8-ab2b-48ad-ab13-5509cd5159e3,2026-04-15T07:53:08
b1db69d3-1510-4a70-b133-e2bc4830a5fc,682c4b93-987b-4518-af0f-783813e4c6bd,2026-04-15T08:59:11
7d331c92-ca5a-4cad-8e3c-b4f13db2b4be,0f2ad60f-3c14-4232-8fbf-6f251cb7ea1c,2026-04-15T12:26:57
e8da4288-f03e-42c0-9877-688ef2774053,958e8496-ce8d-46f6-bfe0-4ac853a2c764,2026-04-15T12:29:47
640ec9ee-8f11-4761-bd27-62c11542a080,e8da4288-f03e-42c0-9877-688ef2774053,2026-04-15T12:47:39
9da80341-1743-40e6-827f-090fb1500fe9,2d3acf5b-df47-46c7-83af-9446943430b7,2026-04-15T13:07:55
8c423157-f0ad-4968-985c-16296a6c61df,360f1cf9-3f43-49ca-a078-7a639e07f928,2026-04-15T13:38:06
304f3b7b-b0a5-4c29-b658-0a3269fd4b2a,55484416-67d3-4844-a752-bccccac3a523,2026-04-15T13:51:50
1ee3e7fb-572c-4f28-8f18-0ff16ea99221,37643539-2424-4d8a-9940-4e8e60dd8c7d,2026-04-15T14:28:36
77602bb2-3fb9-45a2-bf61-a211522e377b,02cf8b3b-1bde-458d-bd74-2460984c12fd,2026-04-15T15:00:33
15bab4a0-f6e9-4022-b78e-3af70f9a7ed1,1f748696-e656-4988-8b6c-f7d6ff0e542d,2026-04-15T15:07:50
393eb2b0-f0b5-4173-9bdd-b7e4947acf90,60ce82d6-490c-4ef3-81c3-62c91d8f9f4a,2026-04-15T15:37:31
8d047c06-3ed9-4329-b5a5-866468dda608,382c6f08-b71b-4036-ab95-8d109905099a,2026-04-15T15:48:23
e3e6a712-e3d4-42bf-8e87-b0d2e3cf36c2,a3b1ede0-ffaa-4fa8-898d-baf99446e64e,2026-04-15T15:52:43
15920c77-a94b-400d-a7a0-4ec2db45d601,a337c1ef-d094-4dda-9a05-fe1ca9769686,2026-04-15T17:07:39
b3b1ad12-35a4-4103-8dcb-d89947e435c0,e276f170-e719-46be-8ad6-83e8a460dabf,2026-04-15T17:09:24
263e3da0-ef13-40d3-bf2c-c56fe8bd70c7,4b022f9d-5c0a-4c7c-8021-deb8a32d38a9,2026-04-15T17:26:00
1e32cb74-c797-4ecc-acff-daab00cba029,91b9044c-9d45-431c-b663-f2c9ba697a5b,2026-04-15T18:50:17
e276f170-e719-46be-8ad6-83e8a460dabf,a62e19d0-a66d-43cb-b750-46503dbe6176,2026-04-15T18:52:49
fcfd494f-bd7e-43d7-85f4-4c5de406db8b,409360e1-31dd-43cf-87ee-c16a2e454f7b,2026-04-16T00:59:23
dcd7b466-d06a-4546-b2e7-fcca1bed6ef2,dafefd06-ead9-442d-8267-834761e046da,2026-04-16T06:05:13
178b6a5a-b4f7-4a17-bd77-94b14a6ef940,b58045e8-9d4f-42d6-8bf5-08dd8c92c3db,2026-04-16T06:09:25
bc2d3ce6-c42e-4e7c-b042-14ff11e80332,b59adf6a-9000-4983-8e36-a5025ca6dae4,2026-04-16T08:55:26
1e693977-7cb0-4c5c-b3a2-7637f444aad8,7de72835-a7b6-4a32-930d-e79c08244a59,2026-04-16T09:52:53
8a536690-db65-4fe6-9dd5-a9d63926a5c3,e44809dc-66e2-4a2a-a825-9f7c9d668f96,2026-04-16T10:38:42
304f3b7b-b0a5-4c29-b658-0a3269fd4b2a,18190c18-4637-4f09-af55-50ee21ee8725,2026-04-16T10:58:35
6bfb2f2e-7bf5-4cc3-9032-368f8f346741,b225950d-e5bc-4a78-9ee2-1b1d6e5aa1a3,2026-04-16T13:15:49
b6a17892-8e3c-46dc-989b-b6368498ae4a,eaf52cd2-a245-46fe-934c-db9c1549af77,2026-04-16T13:35:24
d84d2e01-e994-4ed4-b42c-aee6ebb676e5,247b2861-38ce-4909-9cf6-a93bfd901a6c,2026-04-16T14:21:42
cf0fed59-70de-4d80-894f-d188c30be1d6,ac9258cf-0183-42cf-abd1-ac514aeee94a,2026-04-16T15:50:06
178b6a5a-b4f7-4a17-bd77-94b14a6ef940,bb195791-ed24-42bc-b1ef-0512acbd7377,2026-04-17T06:30:31
e792a74b-4db9-47c4-abbc-7e82fff7ecba,c505ed28-60ed-4af7-802b-1a13d074c473,2026-04-17T07:48:33
8c78156d-7d8f-4871-9a86-56b94d23c55c,cf980661-7107-4a83-b08b-0ca8a482817f,2026-04-17T08:42:06
792d6838-fce7-488b-911d-5913f8984cda,a0c49886-7fd1-4c2b-90e1-af6a06c60ad5,2026-04-17T09:10:19
0b21644a-529c-4ca7-ac3f-1bbd85c133ce,a538fa01-151a-4427-b654-14b12c4a5886,2026-04-17T09:47:06
7de72835-a7b6-4a32-930d-e79c08244a59,85064e25-7e19-4051-b3cd-2798dcd7a9d5,2026-04-17T11:01:11
a8b8b9c2-c04b-4254-87f1-6463b1e55c15,b1cdd0b1-568b-4a40-a179-77efdf6e09d6,2026-04-17T12:56:33
0bba12af-150a-4009-aa13-eab88019e706,0628cf8d-ab5a-41d2-ba3e-36eace6cbd7a,2026-04-17T13:10:37
08f3409e-b7a4-4cfe-9c49-7f923ab42434,03936286-c87f-4d71-9a61-dae568aee85a,2026-04-17T15:14:10
6d77db79-e659-4672-aa50-1c8d365ffb2a,e276f170-e719-46be-8ad6-83e8a460dabf,2026-04-17T17:11:35
b6a17892-8e3c-46dc-989b-b6368498ae4a,7dc2a7f1-85aa-4259-af8c-bffd0b996df2,2026-04-18T07:13:25
31e1e95b-d8ab-44d4-a04d-9d945e4b3c17,0833b2cd-8eec-4f43-afc8-c9a1b4c35714,2026-04-18T08:29:11
877f1438-20a0-4eaa-8dab-0507f661ad19,bd96f83f-8536-4c4c-b5cc-b3f891eed8ce,2026-04-18T10:37:54
674897d9-9864-47e3-9a1b-ee38a3c70dc1,57660a0e-4f93-4199-b920-a4fa8db0ec4f,2026-04-18T11:47:21
e44809dc-66e2-4a2a-a825-9f7c9d668f96,7d8fd5ff-316d-4adb-b116-e122747bd69d,2026-04-18T11:49:32
7d8fd5ff-316d-4adb-b116-e122747bd69d,881cc703-ed30-4d42-9914-420b5d1da34b,2026-04-18T13:53:49
43240187-03a2-431e-b018-db65bdb41cfe,71eed40a-098e-408c-bf99-bfb43b09df9e,2026-04-18T14:07:46
6896ad2d-3f5b-4f3a-bcaf-1f0bc65da2d6,9eb96d23-95c9-4f59-b7de-a2d4cc380efb,2026-04-18T14:38:22
19968c4e-fb27-4fde-aef0-04821dd37ae6,f0f187a0-9e0e-45e6-945a-751ca2000787,2026-04-18T14:54:24
d76fa00f-7cdc-44ec-a04f-cb840be5f98e,0628cf8d-ab5a-41d2-ba3e-36eace6cbd7a,2026-04-18T15:40:09
14727db8-4302-4c07-868e-bfcdbbadc4c4,e9dc82a4-ddc4-4c2c-9e95-535ec495eedb,2026-04-18T17:34:05
a5928314-ebce-4868-8f57-3b6a48658484,91b9044c-9d45-431c-b663-f2c9ba697a5b,2026-04-19T07:15:34
77602bb2-3fb9-45a2-bf61-a211522e377b,deed92ac-5da9-40cb-bb00-37228651c314,2026-04-19T07:44:06
8564c90f-0f4e-444f-abb1-afbc13647950,4ba08bdb-289f-482a-8519-0448f29e05bd,2026-04-19T07:55:19
382c6f08-b71b-4036-ab95-8d109905099a,6d77db79-e659-4672-aa50-1c8d365ffb2a,2026-04-19T08:15:49
f2e2c712-5fca-465a-ae0e-0e7cfbdc30ba,b79bb489-e17a-492c-83c5-d20fb6f66b22,2026-04-19T09:31:48
e33a325a-d456-4e7b-9bdb-1c3542068048,f0f187a0-9e0e-45e6-945a-751ca2000787,2026-04-19T09:32:47
e8da4288-f03e-42c0-9877-688ef2774053,247b2861-38ce-4909-9cf6-a93bfd901a6c,2026-04-19T12:01:17
4bd16619-b86a-4055-a5fd-6f333b2b613e,d76fa00f-7cdc-44ec-a04f-cb840be5f98e,2026-04-19T13:35:17
f55f59a6-a474-40bc-97f6-6eded3195318,06fee494-1c6b-4561-8db0-54ccc69a36e6,2026-04-19T14:14:54
b98b7109-85e4-45f0-87cc-4d6d1e7984e9,a7922634-5573-4717-b384-5d7e50349cce,2026-04-19T14:50:29
f1ed2220-818d-494a-a06e-bb47525dbf67,75a1bb1f-d74e-4af0-a69b-4e1fe67ba003,2026-04-19T14:50:55
70910535-9648-49ec-96c7-fb25f2cfedad,b9acf71e-bd40-4f5e-81f5-9f5c5564d209,2026-04-19T14:59:59
a8dcd76d-d6e8-4d37-99a9-4263f540a715,75910a0b-e1e8-4a2c-bd55-729875c9058b,2026-04-19T16:31:54
7cb08b4c-7c54-4d36-a70f-dc928d5e828a,037aab6a-4425-43b2-92dd-32fc52bf4944,2026-04-19T18:51:27
89ddd145-bd25-4c45-abcc-ceb94f81324f,0f3ca38d-7208-4e4e-99c4-377464d89105,2026-04-20T06:42:47
881cc703-ed30-4d42-9914-420b5d1da34b,aeca0a75-d350-4c4e-b95b-1b443ed68f47,2026-04-20T07:36:16
9ec9814c-d50c-4499-951a-8d2901d8be09,b58045e8-9d4f-42d6-8bf5-08dd8c92c3db,2026-04-20T08:05:57
b58045e8-9d4f-42d6-8bf5-08dd8c92c3db,e42f7168-5ca3-4392-b575-6ad56ea7303e,2026-04-20T10:17:20
038ea81d-6b63-4657-9669-658a2454f708,8bbc1c4e-c5d0-4145-9e7e-7c893d8990fa,2026-04-20T11:06:49
d57dcd6a-5392-41a0-b569-c53aba0c0f30,0051be17-a4ed-4a94-8c64-64baecef67f6,2026-04-20T11:29:50
b3b15eb2-eb60-4249-b4e5-06ea9eebdcec,e959e9a7-afb5-457a-812b-6fd39d12164b,2026-04-20T12:30:39
7420d57f-342e-483d-b7e8-8a6851113356,31e1e95b-d8ab-44d4-a04d-9d945e4b3c17,2026-04-20T12:38:09
9989c4d4-9b14-4f95-8129-77be4524592e,02cf8b3b-1bde-458d-bd74-2460984c12fd,2026-04-20T14:39:12
9dff9e06-a178-4b24-a6cc-c9140a8cde24,6d77db79-e659-4672-aa50-1c8d365ffb2a,2026-04-20T14:53:24
191a6a05-ed17-4adc-a378-5f682ff72601,038ea81d-6b63-4657-9669-658a2454f708,2026-04-20T15:02:27
6459693b-27c3-4883-8d40-84486547db23,c1a885a3-3e6d-4173-b442-53788b6f9eb5,2026-04-20T15:58:00
e276f170-e719-46be-8ad6-83e8a460dabf,792d6838-fce7-488b-911d-5913f8984cda,2026-04-20T16:05:20
e9dc82a4-ddc4-4c2c-9e95-535ec495eedb,7083c319-6fb7-46f7-a05b-4c81006c223e,2026-04-21T08:40:01
7413e02f-7635-4c9f-af5b-a526d6dad983,b59adf6a-9000-4983-8e36-a5025ca6dae4,2026-04-21T12:11:48
13c61893-b371-401b-8f93-acb5edce67cc,f66c0d4f-2202-41a4-99b2-e63b9351742e,2026-04-21T12:33:23
aeca0a75-d350-4c4e-b95b-1b443ed68f47,640ec9ee-8f11-4761-bd27-62c11542a080,2026-04-21T14:23:42
a1144f51-2f43-464d-98d4-527baae0ef72,137c4cc3-b5dd-4df6-9bf9-ca4482ce43e5,2026-04-21T14:51:59
a4faa07a-2ccd-41d3-8e3f-d29bab4ca344,2d94daf6-c6ec-4e02-9e25-7beb5378f6b2,2026-04-21T15:53:18
5bb2a120-fe89-4072-b422-b11346899593,e42f7168-5ca3-4392-b575-6ad56ea7303e,2026-04-21T16:13:21
5bb2a120-fe89-4072-b422-b11346899593,6bfb2f2e-7bf5-4cc3-9032-368f8f346741,2026-04-21T20:51:29
0d64e1e7-6132-46ec-befc-3d9c4de93ec0,a4faa07a-2ccd-41d3-8e3f-d29bab4ca344,2026-04-22T04:25:06
7ba998b1-0d9f-4363-9f1a-058f04b18f31,6459693b-27c3-4883-8d40-84486547db23,2026-04-22T09:40:16
dcea676f-3068-4630-910b-bf457f16c97a,2f35841d-7d03-43f5-8324-5d4318cf8534,2026-04-22T10:23:46
0d64e1e7-6132-46ec-befc-3d9c4de93ec0,75123381-0db0-49ba-a94c-b722086a08bd,2026-04-22T11:40:30
184a7420-6ecd-45c5-baf2-c66a4ab88884,304f3b7b-b0a5-4c29-b658-0a3269fd4b2a,2026-04-22T12:42:03
8d047c06-3ed9-4329-b5a5-866468dda608,e665428c-d66a-4927-898d-a512e58767b1,2026-04-22T13:14:44
f07d16f8-ab2b-48ad-ab13-5509cd5159e3,08451078-30a9-4d48-9a78-3637f887fd6e,2026-04-22T13:27:14
a4b3bd6e-e1eb-4a83-a3fe-fc592780b243,9ec9814c-d50c-4499-951a-8d2901d8be09,2026-04-22T14:29:17
98bfd71a-17c8-452c-bf01-e4e2da48957d,5e947396-7836-4276-b1ca-646c302ce9c8,2026-04-22T14:58:27
e44809dc-66e2-4a2a-a825-9f7c9d668f96,6ee3cb05-3895-4fc4-a8df-df9a1d93b6d8,2026-04-22T19:46:39
d9484983-bb68-4ba6-8deb-4bf1e80f15d0,08f3409e-b7a4-4cfe-9c49-7f923ab42434,2026-04-22T20:09:02
70749b01-8c9a-45e7-b84b-34a409f87376,d009fbbd-ce83-41dc-bf6e-a092cfd5b3c3,2026-04-23T05:51:01
409360e1-31dd-43cf-87ee-c16a2e454f7b,896f8904-1f9d-4c6f-a7ee-a442b2056dd2,2026-04-23T06:24:05
388154aa-4f31-4c32-841d-558658116c4e,98bfd71a-17c8-452c-bf01-e4e2da48957d,2026-04-23T06:46:59
eb380d56-0c85-4504-a7af-c035ae7f5ffd,cc0bc049-9bd7-49c1-8578-af62e9176210,2026-04-23T09:38:16
36c46700-0c9a-48fb-acfc-8a86a9781c24,3f6a2384-fc73-462f-a62e-170e7ce37e6f,2026-04-23T09:45:30
75123381-0db0-49ba-a94c-b722086a08bd,0ebe8b10-68f3-43ea-9a6c-6dd3d94efd79,2026-04-23T13:09:41
dafefd06-ead9-442d-8267-834761e046da,6ee3cb05-3895-4fc4-a8df-df9a1d93b6d8,2026-04-23T13:37:24
13bdeb87-b80d-4805-82a1-b5fa404035c2,c5d82e9a-eb9c-4c9d-a3a2-43976ba6bbf9,2026-04-23T14:53:36
37e724ef-a147-4f4a-9af4-6627e98b6e89,1f748696-e656-4988-8b6c-f7d6ff0e542d,2026-04-23T15:54:49
7413e02f-7635-4c9f-af5b-a526d6dad983,f2e2c712-5fca-465a-ae0e-0e7cfbdc30ba,2026-04-23T16:07:45
32b16251-6690-4f81-96a1-98c85156e7e9,886d574f-9ff4-40f1-9b15-cb06758d83e0,2026-04-23T19:00:48
e33a325a-d456-4e7b-9bdb-1c3542068048,77088a0f-4589-49ff-8e49-fdf6a019a672,2026-04-23T20:44:11
11f384a4-8f2c-49a1-a6f0-372f1f72c743,e3e6a712-e3d4-42bf-8e87-b0d2e3cf36c2,2026-04-24T02:08:04
67bf7e31-c186-445a-8cc6-c17c4e8718d3,d4582f0a-18c0-4110-adc4-fbce1ae3f34a,2026-04-24T02:46:15
7a4bc178-406b-4e7a-92e1-3eb392bd0dac,247b2861-38ce-4909-9cf6-a93bfd901a6c,2026-04-24T06:21:21
df6d9fbe-dde0-4a00-b4d6-0e84a4673ec5,3c0e484d-13b0-4e02-8016-3ba1306e488b,2026-04-24T08:03:54
50994479-fdd3-44eb-a0d3-b685dcbd3bb7,b58045e8-9d4f-42d6-8bf5-08dd8c92c3db,2026-04-24T08:40:07
42a74304-b382-42e5-be0e-cf81899ce5fa,6dad5449-efb0-448c-806a-048215006fb5,2026-04-24T08:41:01
75910a0b-e1e8-4a2c-bd55-729875c9058b,c4d730c7-f43c-42ea-b3f4-7a32f5401a8f,2026-04-24T09:08:24
17b70f8c-98f7-497a-bfb0-207fff6d7ee3,7a4bc178-406b-4e7a-92e1-3eb392bd0dac,2026-04-24T09:32:23
682c4b93-987b-4518-af0f-783813e4c6bd,a5928314-ebce-4868-8f57-3b6a48658484,2026-04-24T10:40:01
4f0fe88f-6b0e-405c-937f-d3590c987645,7ba998b1-0d9f-4363-9f1a-058f04b18f31,2026-04-24T13:24:05
25e9d0fc-ddb3-4ebf-be43-aa1370ecd5e3,d36f1246-7070-48dc-9f8e-03d60dc4a0d2,2026-04-24T14:02:40
07b9a4ae-4510-41c8-b2e1-803405ad2e82,b98b7109-85e4-45f0-87cc-4d6d1e7984e9,2026-04-24T17:04:06
c4d730c7-f43c-42ea-b3f4-7a32f5401a8f,70910535-9648-49ec-96c7-fb25f2cfedad,2026-04-24T22:24:09
958e8496-ce8d-46f6-bfe0-4ac853a2c764,3fa8d231-deef-41ff-9322-8f99e6ad931e,2026-04-25T05:04:52
99230ffe-4df0-4473-b482-e93581a7f609,f6979682-20b9-4976-9827-3138e0d396b7,2026-04-25T05:58:46
4f0fe88f-6b0e-405c-937f-d3590c987645,e42f7168-5ca3-4392-b575-6ad56ea7303e,2026-04-25T07:00:13
f1ed2220-818d-494a-a06e-bb47525dbf67,382c6f08-b71b-4036-ab95-8d109905099a,2026-04-25T09:13:28
99230ffe-4df0-4473-b482-e93581a7f609,bc2d3ce6-c42e-4e7c-b042-14ff11e80332,2026-04-25T09:42:28
a7922634-5573-4717-b384-5d7e50349cce,8b974a25-2468-4112-8bc1-1d1cb1f71601,2026-04-25T10:28:42
9cdadaa9-1adf-4511-9238-e87981fd82e7,409360e1-31dd-43cf-87ee-c16a2e454f7b,2026-04-25T10:56:14
55eea2f1-60a1-4b54-bec8-fa102c7d7df2,7768c392-dd4f-4882-9d8e-4d3f8cfd3d07,2026-04-25T11:53:38
e891dddd-d9ad-4b82-8dc6-04c8582cbb27,7de72835-a7b6-4a32-930d-e79c08244a59,2026-04-25T13:55:08
b6ceae83-fce5-4c17-8e0b-9b417e84e0c0,b79bb489-e17a-492c-83c5-d20fb6f66b22,2026-04-25T14:24:33
a538fa01-151a-4427-b654-14b12c4a5886,792d6838-fce7-488b-911d-5913f8984cda,2026-04-25T17:42:28
b2f9b014-382b-4d0f-ab0b-c436e87190c0,32b16251-6690-4f81-96a1-98c85156e7e9,2026-04-25T19:29:38
15bab4a0-f6e9-4022-b78e-3af70f9a7ed1,f07d16f8-ab2b-48ad-ab13-5509cd5159e3,2026-04-26T06:28:26
4120cd79-3de8-4d49-bb41-7e93a9083394,babe6898-594a-4879-bb39-fa566a6dbbd0,2026-04-26T07:21:14
08f3409e-b7a4-4cfe-9c49-7f923ab42434,a7922634-5573-4717-b384-5d7e50349cce,2026-04-26T09:25:07
7420d57f-342e-483d-b7e8-8a6851113356,4120cd79-3de8-4d49-bb41-7e93a9083394,2026-04-26T09:36:43
8b974a25-2468-4112-8bc1-1d1cb1f71601,0e16e1f3-098d-4843-ad0b-5b05945e636f,2026-04-26T09:40:30
fb6cfb2e-5ef4-4aa0-9712-817a96913dfa,c9290e10-496e-4f64-9afd-a1d133724566,2026-04-26T12:55:09
c5d82e9a-eb9c-4c9d-a3a2-43976ba6bbf9,c70c6df3-e7b8-4f57-8ebe-2ef24ed31325,2026-04-26T13:05:06
263e3da0-ef13-40d3-bf2c-c56fe8bd70c7,a4faa07a-2ccd-41d3-8e3f-d29bab4ca344,2026-04-26T13:45:13
0051be17-a4ed-4a94-8c64-64baecef67f6,60ce82d6-490c-4ef3-81c3-62c91d8f9f4a,2026-04-26T13:53:47
43240187-03a2-431e-b018-db65bdb41cfe,36c46700-0c9a-48fb-acfc-8a86a9781c24,2026-04-26T14:05:50
7cb08b4c-7c54-4d36-a70f-dc928d5e828a,7056818e-aa7a-4cf1-b04c-8c11678753d4,2026-04-26T15:44:05
ef2320fa-6bfe-408f-a0af-04e283dde11a,3466fc6d-f835-4ea5-90ed-ee505a407cb7,2026-04-26T18:03:41
7dc2a7f1-85aa-4259-af8c-bffd0b996df2,e3ed92a7-02de-4ac8-b4fc-47c4daa71189,2026-04-26T18:46:03
2012c636-5078-4479-8d7b-d7f513862480,a337c1ef-d094-4dda-9a05-fe1ca9769686,2026-04-26T20:28:17
c4d730c7-f43c-42ea-b3f4-7a32f5401a8f,2012c636-5078-4479-8d7b-d7f513862480,2026-04-27T05:10:43
9989c4d4-9b14-4f95-8129-77be4524592e,442d8a3c-69cc-444a-ab4c-228cb33099a6,2026-04-27T13:59:21
f37aa24c-930b-4ec4-bb40-039a12df2646,03936286-c87f-4d71-9a61-dae568aee85a,2026-04-27T14:14:34
42a74304-b382-42e5-be0e-cf81899ce5fa,69852682-30c2-460b-8d9c-f0ef050016d0,2026-04-27T15:30:51
744460b4-a79c-43ce-a0f3-e3e36f67e19b,dcea676f-3068-4630-910b-bf457f16c97a,2026-04-27T15:40:55
37643539-2424-4d8a-9940-4e8e60dd8c7d,f66c0d4f-2202-41a4-99b2-e63b9351742e,2026-04-27T18:25:00
dcea676f-3068-4630-910b-bf457f16c97a,e3e6a712-e3d4-42bf-8e87-b0d2e3cf36c2,2026-04-28T08:29:05
d36f1246-7070-48dc-9f8e-03d60dc4a0d2,388154aa-4f31-4c32-841d-558658116c4e,2026-04-28T09:10:51
c19fb94e-c676-4c0b-abd7-9039c4d54162,70910535-9648-49ec-96c7-fb25f2cfedad,2026-04-28T11:02:47
ced07a43-7955-43e7-820a-e24de3fc02ef,f07d16f8-ab2b-48ad-ab13-5509cd5159e3,2026-04-28T11:27:30
8a536690-db65-4fe6-9dd5-a9d63926a5c3,0edd5190-a48d-4a47-ac0c-6407cd249bc7,2026-04-28T12:29:12
4276704d-4650-4644-8cb3-dea9d7e56915,17b70f8c-98f7-497a-bfb0-207fff6d7ee3,2026-04-28T14:27:41
d09b7bb1-6397-43b8-9920-15cf2850b89b,8d047c06-3ed9-4329-b5a5-866468dda608,2026-04-28T15:39:21
e317f593-3062-4da6-80bf-f097029ba96f,178b6a5a-b4f7-4a17-bd77-94b14a6ef940,2026-04-28T16:36:42
9ad87130-ec29-4153-b295-68942c4f3072,40680984-f074-4106-a126-2fda379ccb87,2026-04-28T19:20:05
edc2115b-cb3e-4aa5-9487-dd770f3a2efc,b371b1f0-7511-4d4f-a51b-a16a340af70e,2026-04-29T04:10:26
693c9564-6cdd-49d4-93a0-855de278fbb7,43240187-03a2-431e-b018-db65bdb41cfe,2026-04-29T07:05:40
7707c427-0d8e-4b06-9d62-d792639bc60d,08451078-30a9-4d48-9a78-3637f887fd6e,2026-04-29T10:33:03
a4b3bd6e-e1eb-4a83-a3fe-fc592780b243,fcfd494f-bd7e-43d7-85f4-4c5de406db8b,2026-04-29T11:43:51
4b003a65-c4ae-4ce7-8159-5818e14fee59,77348adb-f0ea-44ae-a0b5-50902eaa26de,2026-04-29T11:49:57
693c9564-6cdd-49d4-93a0-855de278fbb7,cb812d35-4f05-47a3-bd4c-091ab0f30bda,2026-04-29T12:03:43
b79bb489-e17a-492c-83c5-d20fb6f66b22,ced07a43-7955-43e7-820a-e24de3fc02ef,2026-04-29T12:40:19
0b4c9aed-9476-4e4e-8fae-f9c7fd09fe9e,056cd12b-086b-46ea-9226-f060f2e79af4,2026-04-29T13:20:24
67bf7e31-c186-445a-8cc6-c17c4e8718d3,a3059336-083b-41d2-afdd-ac86d52be299,2026-04-29T13:46:29
75910a0b-e1e8-4a2c-bd55-729875c9058b,6ee3cb05-3895-4fc4-a8df-df9a1d93b6d8,2026-04-29T14:24:24
42a74304-b382-42e5-be0e-cf81899ce5fa,36c46700-0c9a-48fb-acfc-8a86a9781c24,2026-04-29T14:55:49
053a5b2e-c9de-453f-bd5b-79d8200ad807,a0c49886-7fd1-4c2b-90e1-af6a06c60ad5,2026-04-29T15:29:09
55eea2f1-60a1-4b54-bec8-fa102c7d7df2,6bfb2f2e-7bf5-4cc3-9032-368f8f346741,2026-04-29T16:58:19
7056818e-aa7a-4cf1-b04c-8c11678753d4,735ca041-7b79-4311-8a50-62962f3b7a08,2026-04-29T17:05:51
36c46700-0c9a-48fb-acfc-8a86a9781c24,2b104372-52a3-49c2-9a04-faefb1546b2d,2026-04-30T07:40:12
8c78156d-7d8f-4871-9a86-56b94d23c55c,7dc2a7f1-85aa-4259-af8c-bffd0b996df2,2026-04-30T07:51:40
07b9a4ae-4510-41c8-b2e1-803405ad2e82,591248f4-a5f7-4e30-8a63-1da809186449,2026-04-30T08:20:48
992797a0-fc5e-4645-beb9-7085b5c82ff2,77348adb-f0ea-44ae-a0b5-50902eaa26de,2026-04-30T08:51:10
591248f4-a5f7-4e30-8a63-1da809186449,2399c6c7-2a3d-4fc0-ade3-c55a372caf81,2026-04-30T10:18:51
877f1438-20a0-4eaa-8dab-0507f661ad19,bd96f83f-8536-4c4c-b5cc-b3f891eed8ce,2026-04-30T10:19:22
89ddd145-bd25-4c45-abcc-ceb94f81324f,591248f4-a5f7-4e30-8a63-1da809186449,2026-04-30T10:26:50
aeca0a75-d350-4c4e-b95b-1b443ed68f47,c4d730c7-f43c-42ea-b3f4-7a32f5401a8f,2026-04-30T12:12:14
992797a0-fc5e-4645-beb9-7085b5c82ff2,91b9044c-9d45-431c-b663-f2c9ba697a5b,2026-04-30T16:40:25
a538fa01-151a-4427-b654-14b12c4a5886,2feb6ffc-57a1-42cb-b6e0-5bdf6721698a,2026-04-30T18:34:01
b0191bd3-f493-40b9-875c-3a3672dde9b5,d84d2e01-e994-4ed4-b42c-aee6ebb676e5,2026-05-01T08:44:03
0ebe8b10-68f3-43ea-9a6c-6dd3d94efd79,03936286-c87f-4d71-9a61-dae568aee85a,2026-05-01T08:47:36
bd96f83f-8536-4c4c-b5cc-b3f891eed8ce,67bf7e31-c186-445a-8cc6-c17c4e8718d3,2026-05-01T10:44:15
393eb2b0-f0b5-4173-9bdd-b7e4947acf90,aa91deb8-4e95-4dc9-8ffe-22c800985d18,2026-05-01T10:53:18
d9484983-bb68-4ba6-8deb-4bf1e80f15d0,71eed40a-098e-408c-bf99-bfb43b09df9e,2026-05-01T11:42:20
680e7ef3-d5a0-4cb8-8756-20e0e6020f60,360f1cf9-3f43-49ca-a078-7a639e07f928,2026-05-01T12:27:24
c9290e10-496e-4f64-9afd-a1d133724566,14727db8-4302-4c07-868e-bfcdbbadc4c4,2026-05-01T12:31:05
77602bb2-3fb9-45a2-bf61-a211522e377b,2012c636-5078-4479-8d7b-d7f513862480,2026-05-01T13:27:24
b58045e8-9d4f-42d6-8bf5-08dd8c92c3db,e665428c-d66a-4927-898d-a512e58767b1,2026-05-01T13:43:02
75284f26-7464-4819-b7de-c1e5c9656dfd,06fee494-1c6b-4561-8db0-54ccc69a36e6,2026-05-01T14:25:30
7de72835-a7b6-4a32-930d-e79c08244a59,a337c1ef-d094-4dda-9a05-fe1ca9769686,2026-05-01T14:37:00
0e16e1f3-098d-4843-ad0b-5b05945e636f,0ec5eaff-cfa4-47af-95fb-8ce3b3883153,2026-05-01T14:43:41
162c2c09-f92f-48d8-bef5-e7fd3c285c2e,f07d16f8-ab2b-48ad-ab13-5509cd5159e3,2026-05-01T14:58:29
6d5e1358-f68c-4f85-9058-5afb1f9cd478,6d77db79-e659-4672-aa50-1c8d365ffb2a,2026-05-01T15:06:14
cf0fed59-70de-4d80-894f-d188c30be1d6,f0488729-a720-46ff-8aae-7762fb7ec9a4,2026-05-01T15:53:44
8f01d853-d30f-412d-9a25-282550a00bab,2d3acf5b-df47-46c7-83af-9446943430b7,2026-05-01T17:56:16
a8582ec4-2fb8-4651-ba2b-811db58f9b89,37643539-2424-4d8a-9940-4e8e60dd8c7d,2026-05-01T21:16:30
8564c90f-0f4e-444f-abb1-afbc13647950,3e295671-1844-4dc4-b9c6-2657be181bc4,2026-05-02T00:44:55
2f35841d-7d03-43f5-8324-5d4318cf8534,395885ca-005f-48f6-9df3-fc1d03ba5453,2026-05-02T04:45:36
393eb2b0-f0b5-4173-9bdd-b7e4947acf90,0628cf8d-ab5a-41d2-ba3e-36eace6cbd7a,2026-05-02T05:16:52
d84d2e01-e994-4ed4-b42c-aee6ebb676e5,992797a0-fc5e-4645-beb9-7085b5c82ff2,2026-05-02T06:40:24
e2e1fc08-dcf3-4421-a43f-d554a55f2b5c,360f1cf9-3f43-49ca-a078-7a639e07f928,2026-05-02T08:49:24
a538fa01-151a-4427-b654-14b12c4a5886,0051be17-a4ed-4a94-8c64-64baecef67f6,2026-05-02T09:39:36
06fee494-1c6b-4561-8db0-54ccc69a36e6,40680984-f074-4106-a126-2fda379ccb87,2026-05-02T11:12:30
4bd16619-b86a-4055-a5fd-6f333b2b613e,8a7789eb-b3cb-40a4-954f-42c19cc7a490,2026-05-02T12:39:12
43240187-03a2-431e-b018-db65bdb41cfe,686b4664-814e-46e5-9eec-b9bee9be71b0,2026-05-02T13:29:32
77faf55c-5b0f-478d-8a9f-6377a4315b5f,8b974a25-2468-4112-8bc1-1d1cb1f71601,2026-05-02T13:40:23
7e4b2867-2fb9-47d5-8d58-8021073ba53d,70749b01-8c9a-45e7-b84b-34a409f87376,2026-05-02T14:09:13
5bc322be-4c02-47f7-90fb-a9f1abdff947,b1cdd0b1-568b-4a40-a179-77efdf6e09d6,2026-05-02T15:45:32
693c9564-6cdd-49d4-93a0-855de278fbb7,ced07a43-7955-43e7-820a-e24de3fc02ef,2026-05-02T16:06:13
514034c9-d6c0-45a8-b22f-5a71dae564bf,fb6cfb2e-5ef4-4aa0-9712-817a96913dfa,2026-05-02T19:33:46
d09b7bb1-6397-43b8-9920-15cf2850b89b,e9dc82a4-ddc4-4c2c-9e95-535ec495eedb,2026-05-02T20:17:42
8fe41a80-b0b0-4346-9a57-5c33fc005700,3e295671-1844-4dc4-b9c6-2657be181bc4,2026-05-03T05:53:24
442d8a3c-69cc-444a-ab4c-228cb33099a6,edc2115b-cb3e-4aa5-9487-dd770f3a2efc,2026-05-03T07:11:18
b225950d-e5bc-4a78-9ee2-1b1d6e5aa1a3,ca53101d-e7df-4c6b-8247-a0fcc36e28b4,2026-05-03T10:20:44
2f35841d-7d03-43f5-8324-5d4318cf8534,6dad5449-efb0-448c-806a-048215006fb5,2026-05-03T11:08:50
5bb2a120-fe89-4072-b422-b11346899593,a1144f51-2f43-464d-98d4-527baae0ef72,2026-05-03T11:49:41
d9ba7371-2186-48bb-8d66-641789d9ff6b,9ad87130-ec29-4153-b295-68942c4f3072,2026-05-03T12:08:52
11f384a4-8f2c-49a1-a6f0-372f1f72c743,cffeec02-77ad-4d94-8aa5-bca9f0eb75f5,2026-05-03T13:15:55
4ba08bdb-289f-482a-8519-0448f29e05bd,8a536690-db65-4fe6-9dd5-a9d63926a5c3,2026-05-03T13:24:01
c273dd66-0624-4142-8a05-08e9b2955763,eb380d56-0c85-4504-a7af-c035ae7f5ffd,2026-05-03T13:27:20
6305589b-a774-43fb-a888-491f6eb6ab0f,89e51024-6ff3-44da-adae-ab2cb5289e58,2026-05-03T13:37:14
b0ab08b5-272c-4b17-bdd4-66e5bdd51d58,304f3b7b-b0a5-4c29-b658-0a3269fd4b2a,2026-05-03T14:24:42
b1db69d3-1510-4a70-b133-e2bc4830a5fc,c822c666-dd61-4f17-848d-6c42e73ff75c,2026-05-03T14:55:23
a1144f51-2f43-464d-98d4-527baae0ef72,98bfd71a-17c8-452c-bf01-e4e2da48957d,2026-05-03T15:16:21
d9ba7371-2186-48bb-8d66-641789d9ff6b,0ec5eaff-cfa4-47af-95fb-8ce3b3883153,2026-05-03T16:04:34
8b974a25-2468-4112-8bc1-1d1cb1f71601,0edd5190-a48d-4a47-ac0c-6407cd249bc7,2026-05-03T16:36:55
6dad5449-efb0-448c-806a-048215006fb5,f07d16f8-ab2b-48ad-ab13-5509cd5159e3,2026-05-04T00:17:04
75284f26-7464-4819-b7de-c1e5c9656dfd,d9484983-bb68-4ba6-8deb-4bf1e80f15d0,2026-05-04T05:48:35
7a4bc178-406b-4e7a-92e1-3eb392bd0dac,d36f1246-7070-48dc-9f8e-03d60dc4a0d2,2026-05-04T09:59:28
6d77db79-e659-4672-aa50-1c8d365ffb2a,4cd2ff1b-e091-49ab-b68b-56ab8b4e9ea6,2026-05-04T10:03:17
e9dc82a4-ddc4-4c2c-9e95-535ec495eedb,8cd19b50-8652-453e-9f11-fa85c9058f8a,2026-05-04T11:02:40
a3059336-083b-41d2-afdd-ac86d52be299,a62e19d0-a66d-43cb-b750-46503dbe6176,2026-05-04T11:27:04
a98fe90c-d940-4cde-9036-8113744a9182,e959e9a7-afb5-457a-812b-6fd39d12164b,2026-05-04T11:41:38
c19fb94e-c676-4c0b-abd7-9039c4d54162,b0191bd3-f493-40b9-875c-3a3672dde9b5,2026-05-04T11:44:34
60ce82d6-490c-4ef3-81c3-62c91d8f9f4a,e2e1fc08-dcf3-4421-a43f-d554a55f2b5c,2026-05-04T12:13:12
d9484983-bb68-4ba6-8deb-4bf1e80f15d0,0628cf8d-ab5a-41d2-ba3e-36eace6cbd7a,2026-05-04T13:09:24
125c4553-b12b-40fc-9de7-6e237dde06f2,bd96f83f-8536-4c4c-b5cc-b3f891eed8ce,2026-05-04T14:33:43
8bbc1c4e-c5d0-4145-9e7e-7c893d8990fa,f0488729-a720-46ff-8aae-7762fb7ec9a4,2026-05-04T15:10:49
67bf7e31-c186-445a-8cc6-c17c4e8718d3,75123381-0db0-49ba-a94c-b722086a08bd,2026-05-04T15:12:49
ced07a43-7955-43e7-820a-e24de3fc02ef,1ee3e7fb-572c-4f28-8f18-0ff16ea99221,2026-05-04T15:52:29
60ce82d6-490c-4ef3-81c3-62c91d8f9f4a,744460b4-a79c-43ce-a0f3-e3e36f67e19b,2026-05-04T15:55:50
3f6a2384-fc73-462f-a62e-170e7ce37e6f,a2945da3-7417-4b2d-aa6a-749d3cda89a9,2026-05-04T16:01:12
693c9564-6cdd-49d4-93a0-855de278fbb7,640ec9ee-8f11-4761-bd27-62c11542a080,2026-05-04T16:40:46
70910535-9648-49ec-96c7-fb25f2cfedad,ca53101d-e7df-4c6b-8247-a0fcc36e28b4,2026-05-04T17:14:38
eaf52cd2-a245-46fe-934c-db9c1549af77,f0f187a0-9e0e-45e6-945a-751ca2000787,2026-05-04T18:50:34
ee5551e2-f4e7-40e4-af02-376dea216c13,1e32cb74-c797-4ecc-acff-daab00cba029,2026-05-05T09:03:30
4ba08bdb-289f-482a-8519-0448f29e05bd,686b4664-814e-46e5-9eec-b9bee9be71b0,2026-05-05T10:37:55
b3b15eb2-eb60-4249-b4e5-06ea9eebdcec,037aab6a-4425-43b2-92dd-32fc52bf4944,2026-05-05T11:54:24
c822c666-dd61-4f17-848d-6c42e73ff75c,1e693977-7cb0-4c5c-b3a2-7637f444aad8,2026-05-05T12:18:30
f6979682-20b9-4976-9827-3138e0d396b7,4ba08bdb-289f-482a-8519-0448f29e05bd,2026-05-05T12:20:52
8c423157-f0ad-4968-985c-16296a6c61df,b3b1ad12-35a4-4103-8dcb-d89947e435c0,2026-05-05T12:39:57
ee5551e2-f4e7-40e4-af02-376dea216c13,71f9db6d-e104-4af1-a59a-47ab690a4f6c,2026-05-05T12:55:06
a0c49886-7fd1-4c2b-90e1-af6a06c60ad5,4f0fe88f-6b0e-405c-937f-d3590c987645,2026-05-05T13:34:48
0f3ca38d-7208-4e4e-99c4-377464d89105,682c4b93-987b-4518-af0f-783813e4c6bd,2026-05-05T14:46:53
0f2ad60f-3c14-4232-8fbf-6f251cb7ea1c,19968c4e-fb27-4fde-aef0-04821dd37ae6,2026-05-05T14:50:18
360f1cf9-3f43-49ca-a078-7a639e07f928,cc0bc049-9bd7-49c1-8578-af62e9176210,2026-05-05T14:56:33
99230ffe-4df0-4473-b482-e93581a7f609,e276f170-e719-46be-8ad6-83e8a460dabf,2026-05-05T15:08:03
5b5f4320-8e96-4cd5-b467-c4a754792a83,edc2115b-cb3e-4aa5-9487-dd770f3a2efc,2026-05-05T15:18:50
67bf7e31-c186-445a-8cc6-c17c4e8718d3,7de72835-a7b6-4a32-930d-e79c08244a59,2026-05-05T17:21:29
5bc322be-4c02-47f7-90fb-a9f1abdff947,13c61893-b371-401b-8f93-acb5edce67cc,2026-05-05T22:55:45
04a09934-753f-4eaf-ac79-3976a6d5f93f,15bab4a0-f6e9-4022-b78e-3af70f9a7ed1,2026-05-06T06:03:35
7ba998b1-0d9f-4363-9f1a-058f04b18f31,f6979682-20b9-4976-9827-3138e0d396b7,2026-05-06T07:15:40
d36f1246-7070-48dc-9f8e-03d60dc4a0d2,ca53101d-e7df-4c6b-8247-a0fcc36e28b4,2026-05-06T09:40:34
e33a325a-d456-4e7b-9bdb-1c3542068048,184a7420-6ecd-45c5-baf2-c66a4ab88884,2026-05-06T09:57:33
ac9258cf-0183-42cf-abd1-ac514aeee94a,96be6607-a57b-4cb6-ba12-ce3ec972bf90,2026-05-06T10:46:46
13c61893-b371-401b-8f93-acb5edce67cc,7dc2a7f1-85aa-4259-af8c-bffd0b996df2,2026-05-06T11:27:39
e3ed92a7-02de-4ac8-b4fc-47c4daa71189,409360e1-31dd-43cf-87ee-c16a2e454f7b,2026-05-06T11:51:11
deed92ac-5da9-40cb-bb00-37228651c314,a62e19d0-a66d-43cb-b750-46503dbe6176,2026-05-06T11:53:08
744460b4-a79c-43ce-a0f3-e3e36f67e19b,5eba7508-96a1-4346-8278-d352dcab4251,2026-05-06T11:53:52
6d77db79-e659-4672-aa50-1c8d365ffb2a,e33512b2-8682-400d-b2b2-2a8484864edd,2026-05-06T12:09:29
7413e02f-7635-4c9f-af5b-a526d6dad983,7a4bc178-406b-4e7a-92e1-3eb392bd0dac,2026-05-06T12:17:35
735ca041-7b79-4311-8a50-62962f3b7a08,d525ab88-8757-4b63-8f2d-6e9e5d7dc49d,2026-05-06T13:31:23
b1cdd0b1-568b-4a40-a179-77efdf6e09d6,4bd16619-b86a-4055-a5fd-6f333b2b613e,2026-05-06T14:20:40
b6ceae83-fce5-4c17-8e0b-9b417e84e0c0,137c4cc3-b5dd-4df6-9bf9-ca4482ce43e5,2026-05-06T14:44:38
178b6a5a-b4f7-4a17-bd77-94b14a6ef940,e3e6a712-e3d4-42bf-8e87-b0d2e3cf36c2,2026-05-06T16:16:33
5eba7508-96a1-4346-8278-d352dcab4251,d4582f0a-18c0-4110-adc4-fbce1ae3f34a,2026-05-06T16:22:39
d525ab88-8757-4b63-8f2d-6e9e5d7dc49d,08f3409e-b7a4-4cfe-9c49-7f923ab42434,2026-05-07T05:28:09
5bc322be-4c02-47f7-90fb-a9f1abdff947,96cabbb5-6d1c-4168-8646-3b5a506b153d,2026-05-07T06:14:48
4f0fe88f-6b0e-405c-937f-d3590c987645,99230ffe-4df0-4473-b482-e93581a7f609,2026-05-07T07:50:10
eaf52cd2-a245-46fe-934c-db9c1549af77,a8582ec4-2fb8-4651-ba2b-811db58f9b89,2026-05-07T08:11:48
e3ed92a7-02de-4ac8-b4fc-47c4daa71189,75a1bb1f-d74e-4af0-a69b-4e1fe67ba003,2026-05-07T09:32:19
6bfb2f2e-7bf5-4cc3-9032-368f8f346741,881cc703-ed30-4d42-9914-420b5d1da34b,2026-05-07T10:13:34
086747c9-b4ff-4fa8-aa8e-ee14e167f3d7,e33512b2-8682-400d-b2b2-2a8484864edd,2026-05-07T10:25:11
e891dddd-d9ad-4b82-8dc6-04c8582cbb27,7308e119-6e6c-4c91-9ebb-aad34ddf9546,2026-05-07T11:12:00
a5928314-ebce-4868-8f57-3b6a48658484,7768c392-dd4f-4882-9d8e-4d3f8cfd3d07,2026-05-07T11:17:52
89ddd145-bd25-4c45-abcc-ceb94f81324f,eb380d56-0c85-4504-a7af-c035ae7f5ffd,2026-05-07T11:32:29
85064e25-7e19-4051-b3cd-2798dcd7a9d5,8c78156d-7d8f-4871-9a86-56b94d23c55c,2026-05-07T11:36:08
3e295671-1844-4dc4-b9c6-2657be181bc4,4b022f9d-5c0a-4c7c-8021-deb8a32d38a9,2026-05-07T11:46:06
89e51024-6ff3-44da-adae-ab2cb5289e58,d3e71df9-3e74-4dc1-9c0a-c0f16a4548a2,2026-05-07T12:02:05
e84d4e73-912b-4361-95b5-a56d3bffb5c2,e276f170-e719-46be-8ad6-83e8a460dabf,2026-05-07T12:38:00
9eb96d23-95c9-4f59-b7de-a2d4cc380efb,57660a0e-4f93-4199-b920-a4fa8db0ec4f,2026-05-07T12:44:13
32b16251-6690-4f81-96a1-98c85156e7e9,8d047c06-3ed9-4329-b5a5-866468dda608,2026-05-07T12:52:36
184a7420-6ecd-45c5-baf2-c66a4ab88884,03936286-c87f-4d71-9a61-dae568aee85a,2026-05-07T13:05:49
a0c49886-7fd1-4c2b-90e1-af6a06c60ad5,bc2d3ce6-c42e-4e7c-b042-14ff11e80332,2026-05-07T14:14:16
c70c6df3-e7b8-4f57-8ebe-2ef24ed31325,6305589b-a774-43fb-a888-491f6eb6ab0f,2026-05-07T14:19:25
7d331c92-ca5a-4cad-8e3c-b4f13db2b4be,a0c49886-7fd1-4c2b-90e1-af6a06c60ad5,2026-05-07T14:28:34
96be6607-a57b-4cb6-ba12-ce3ec972bf90,6ee3cb05-3895-4fc4-a8df-df9a1d93b6d8,2026-05-07T15:16:51
b3b15eb2-eb60-4249-b4e5-06ea9eebdcec,792d6838-fce7-488b-911d-5913f8984cda,2026-05-07T15:47:46
360f1cf9-3f43-49ca-a078-7a639e07f928,304f3b7b-b0a5-4c29-b658-0a3269fd4b2a,2026-05-07T16:01:02
0b21644a-529c-4ca7-ac3f-1bbd85c133ce,b3b15eb2-eb60-4249-b4e5-06ea9eebdcec,2026-05-07T17:10:19
744460b4-a79c-43ce-a0f3-e3e36f67e19b,7420d57f-342e-483d-b7e8-8a6851113356,2026-05-07T17:22:13
9da80341-1743-40e6-827f-090fb1500fe9,77088a0f-4589-49ff-8e49-fdf6a019a672,2026-05-07T19:48:29
4ba08bdb-289f-482a-8519-0448f29e05bd,36c46700-0c9a-48fb-acfc-8a86a9781c24,2026-05-07T21:30:32
d9484983-bb68-4ba6-8deb-4bf1e80f15d0,0d64e1e7-6132-46ec-befc-3d9c4de93ec0,2026-05-08T00:43:20
cffeec02-77ad-4d94-8aa5-bca9f0eb75f5,a9002c54-fcaf-4288-a0cf-80d8c26fbfd4,2026-05-08T07:37:45
e276f170-e719-46be-8ad6-83e8a460dabf,e792a74b-4db9-47c4-abbc-7e82fff7ecba,2026-05-08T09:34:57
84dd61e8-a96f-4c00-86bf-6bb7fdea31a3,b2f9b014-382b-4d0f-ab0b-c436e87190c0,2026-05-08T13:00:32
02cf8b3b-1bde-458d-bd74-2460984c12fd,c19fb94e-c676-4c0b-abd7-9039c4d54162,2026-05-08T13:52:47
19968c4e-fb27-4fde-aef0-04821dd37ae6,e3dbabff-d818-4c3d-a4bf-70364410fbde,2026-05-08T18:55:13
2012c636-5078-4479-8d7b-d7f513862480,b1cdd0b1-568b-4a40-a179-77efdf6e09d6,2026-05-08T20:23:30
4b022f9d-5c0a-4c7c-8021-deb8a32d38a9,77faf55c-5b0f-478d-8a9f-6377a4315b5f,2026-05-08T20:41:55
037aab6a-4425-43b2-92dd-32fc52bf4944,3c0e484d-13b0-4e02-8016-3ba1306e488b,2026-05-09T00:14:06
7420d57f-342e-483d-b7e8-8a6851113356,70749b01-8c9a-45e7-b84b-34a409f87376,2026-05-09T07:30:36
8fe41a80-b0b0-4346-9a57-5c33fc005700,a4b3bd6e-e1eb-4a83-a3fe-fc592780b243,2026-05-09T08:31:20
ca53101d-e7df-4c6b-8247-a0fcc36e28b4,388154aa-4f31-4c32-841d-558658116c4e,2026-05-09T11:00:25
7cb08b4c-7c54-4d36-a70f-dc928d5e828a,e44809dc-66e2-4a2a-a825-9f7c9d668f96,2026-05-09T11:03:35
b79bb489-e17a-492c-83c5-d20fb6f66b22,011d559d-55d7-4bef-a80a-7360e7bfa42f,2026-05-09T11:13:01
a3b1ede0-ffaa-4fa8-898d-baf99446e64e,d4582f0a-18c0-4110-adc4-fbce1ae3f34a,2026-05-09T12:34:28
e44809dc-66e2-4a2a-a825-9f7c9d668f96,17b70f8c-98f7-497a-bfb0-207fff6d7ee3,2026-05-09T13:28:28
e99142dc-1fe1-4572-b396-6bf3673726a8,b0191bd3-f493-40b9-875c-3a3672dde9b5,2026-05-09T13:50:02
086747c9-b4ff-4fa8-aa8e-ee14e167f3d7,a337c1ef-d094-4dda-9a05-fe1ca9769686,2026-05-09T14:31:10
263e3da0-ef13-40d3-bf2c-c56fe8bd70c7,2d3acf5b-df47-46c7-83af-9446943430b7,2026-05-09T14:33:56
e44809dc-66e2-4a2a-a825-9f7c9d668f96,7d331c92-ca5a-4cad-8e3c-b4f13db2b4be,2026-05-09T15:18:34
cd73f21f-1d32-4271-b562-a70811f6cfa3,30d9508e-a544-41a9-af5b-877dce5dc55f,2026-05-09T17:02:31
e44809dc-66e2-4a2a-a825-9f7c9d668f96,babe6898-594a-4879-bb39-fa566a6dbbd0,2026-05-09T17:48:45
f50a2c3a-e249-4004-849c-606ae24be306,babe6898-594a-4879-bb39-fa566a6dbbd0,2026-05-09T17:56:47
dcea676f-3068-4630-910b-bf457f16c97a,b1cdd0b1-568b-4a40-a179-77efdf6e09d6,2026-05-09T19:24:13
b0191bd3-f493-40b9-875c-3a3672dde9b5,a8582ec4-2fb8-4651-ba2b-811db58f9b89,2026-05-09T22:13:13
056cd12b-086b-46ea-9226-f060f2e79af4,deed92ac-5da9-40cb-bb00-37228651c314,2026-05-10T01:13:56
ed3ff872-0a5c-4d4d-9115-b7191eb1a775,bd96f83f-8536-4c4c-b5cc-b3f891eed8ce,2026-05-10T03:32:34
b1db69d3-1510-4a70-b133-e2bc4830a5fc,55eea2f1-60a1-4b54-bec8-fa102c7d7df2,2026-05-10T08:23:48
b5a71e77-bbb0-402d-b904-27ad7a054e19,77602bb2-3fb9-45a2-bf61-a211522e377b,2026-05-10T08:31:04
c5d82e9a-eb9c-4c9d-a3a2-43976ba6bbf9,5a8b04bd-439d-465e-b2d6-e81278bf6e47,2026-05-10T10:55:47
d525ab88-8757-4b63-8f2d-6e9e5d7dc49d,0bba12af-150a-4009-aa13-eab88019e706,2026-05-10T11:42:40
360e2f9a-3b18-4f02-8810-9fdbc2f64c7a,b5a71e77-bbb0-402d-b904-27ad7a054e19,2026-05-10T11:49:13
2b104372-52a3-49c2-9a04-faefb1546b2d,6cf869ca-7c28-447c-967a-892e02700771,2026-05-10T12:35:40
dcd7b466-d06a-4546-b2e7-fcca1bed6ef2,7d8fd5ff-316d-4adb-b116-e122747bd69d,2026-05-10T13:02:09
896f8904-1f9d-4c6f-a7ee-a442b2056dd2,6d5e1358-f68c-4f85-9058-5afb1f9cd478,2026-05-10T14:23:30
e3dbabff-d818-4c3d-a4bf-70364410fbde,43240187-03a2-431e-b018-db65bdb41cfe,2026-05-10T15:03:00
640ec9ee-8f11-4761-bd27-62c11542a080,7768c392-dd4f-4882-9d8e-4d3f8cfd3d07,2026-05-10T15:18:05
a781a1ce-6b47-4030-8138-fb48caab0584,59b6d8ef-5d69-4e86-8043-f0721f0998fb,2026-05-10T16:07:22
b5a71e77-bbb0-402d-b904-27ad7a054e19,b9acf71e-bd40-4f5e-81f5-9f5c5564d209,2026-05-10T17:27:08
a4faa07a-2ccd-41d3-8e3f-d29bab4ca344,038ea81d-6b63-4657-9669-658a2454f708,2026-05-11T05:34:03
07b9a4ae-4510-41c8-b2e1-803405ad2e82,b3b15eb2-eb60-4249-b4e5-06ea9eebdcec,2026-05-11T06:44:44
a3b1ede0-ffaa-4fa8-898d-baf99446e64e,32b16251-6690-4f81-96a1-98c85156e7e9,2026-05-11T07:55:36
184a7420-6ecd-45c5-baf2-c66a4ab88884,77f01c62-005e-45ae-8742-0eab6ae2638f,2026-05-11T08:36:36
8bbc1c4e-c5d0-4145-9e7e-7c893d8990fa,c5d82e9a-eb9c-4c9d-a3a2-43976ba6bbf9,2026-05-11T09:20:30
89e51024-6ff3-44da-adae-ab2cb5289e58,31e1e95b-d8ab-44d4-a04d-9d945e4b3c17,2026-05-11T10:19:05
6459693b-27c3-4883-8d40-84486547db23,d8bc344b-d9a1-4fae-b56b-346374559541,2026-05-11T11:46:56
07b9a4ae-4510-41c8-b2e1-803405ad2e82,4120cd79-3de8-4d49-bb41-7e93a9083394,2026-05-11T11:58:37
6896ad2d-3f5b-4f3a-bcaf-1f0bc65da2d6,125c4553-b12b-40fc-9de7-6e237dde06f2,2026-05-11T13:22:41
b3b15eb2-eb60-4249-b4e5-06ea9eebdcec,8a536690-db65-4fe6-9dd5-a9d63926a5c3,2026-05-11T13:38:28
0833b2cd-8eec-4f43-afc8-c9a1b4c35714,c4d730c7-f43c-42ea-b3f4-7a32f5401a8f,2026-05-11T13:46:22
b98b7109-85e4-45f0-87cc-4d6d1e7984e9,640ec9ee-8f11-4761-bd27-62c11542a080,2026-05-11T13:50:06
71eed40a-098e-408c-bf99-bfb43b09df9e,a0c49886-7fd1-4c2b-90e1-af6a06c60ad5,2026-05-11T13:50:25
9dff9e06-a178-4b24-a6cc-c9140a8cde24,13bdeb87-b80d-4805-82a1-b5fa404035c2,2026-05-11T18:24:19
19968c4e-fb27-4fde-aef0-04821dd37ae6,5de02c5c-cf50-4cde-9e6e-ee093e8506c6,2026-05-11T21:48:49
8cd19b50-8652-453e-9f11-fa85c9058f8a,3466fc6d-f835-4ea5-90ed-ee505a407cb7,2026-05-11T23:43:47
70910535-9648-49ec-96c7-fb25f2cfedad,c70c6df3-e7b8-4f57-8ebe-2ef24ed31325,2026-05-12T06:40:45
8cd19b50-8652-453e-9f11-fa85c9058f8a,a62e19d0-a66d-43cb-b750-46503dbe6176,2026-05-12T12:25:14
b225950d-e5bc-4a78-9ee2-1b1d6e5aa1a3,b3b15eb2-eb60-4249-b4e5-06ea9eebdcec,2026-05-12T12:35:57
19968c4e-fb27-4fde-aef0-04821dd37ae6,f37aa24c-930b-4ec4-bb40-039a12df2646,2026-05-12T14:34:48
e3dbabff-d818-4c3d-a4bf-70364410fbde,7dc2a7f1-85aa-4259-af8c-bffd0b996df2,2026-05-12T14:35:12
e84d4e73-912b-4361-95b5-a56d3bffb5c2,d4582f0a-18c0-4110-adc4-fbce1ae3f34a,2026-05-12T19:17:05
d8bc344b-d9a1-4fae-b56b-346374559541,aeca0a75-d350-4c4e-b95b-1b443ed68f47,2026-05-13T07:17:07
896f8904-1f9d-4c6f-a7ee-a442b2056dd2,77088a0f-4589-49ff-8e49-fdf6a019a672,2026-05-13T08:37:06
409360e1-31dd-43cf-87ee-c16a2e454f7b,e276f170-e719-46be-8ad6-83e8a460dabf,2026-05-13T10:14:00
71eed40a-098e-408c-bf99-bfb43b09df9e,162c2c09-f92f-48d8-bef5-e7fd3c285c2e,2026-05-13T11:19:05
e792a74b-4db9-47c4-abbc-7e82fff7ecba,30d9508e-a544-41a9-af5b-877dce5dc55f,2026-05-13T11:27:21
98bfd71a-17c8-452c-bf01-e4e2da48957d,89ddd145-bd25-4c45-abcc-ceb94f81324f,2026-05-13T12:12:13
d525ab88-8757-4b63-8f2d-6e9e5d7dc49d,958e8496-ce8d-46f6-bfe0-4ac853a2c764,2026-05-13T14:44:57
8df42db8-0bec-4132-a8ce-712f59c191d7,992797a0-fc5e-4645-beb9-7085b5c82ff2,2026-05-13T14:57:48
ac9258cf-0183-42cf-abd1-ac514aeee94a,67bf7e31-c186-445a-8cc6-c17c4e8718d3,2026-05-13T21:47:36
cffeec02-77ad-4d94-8aa5-bca9f0eb75f5,7de72835-a7b6-4a32-930d-e79c08244a59,2026-05-14T04:02:05
6bfb2f2e-7bf5-4cc3-9032-368f8f346741,8fe41a80-b0b0-4346-9a57-5c33fc005700,2026-05-14T08:52:56
f6979682-20b9-4976-9827-3138e0d396b7,1d3e8de3-62ee-4043-afa7-74de9c737292,2026-05-14T10:00:11
877f1438-20a0-4eaa-8dab-0507f661ad19,dcd7b466-d06a-4546-b2e7-fcca1bed6ef2,2026-05-14T13:02:33
d8bc344b-d9a1-4fae-b56b-346374559541,744460b4-a79c-43ce-a0f3-e3e36f67e19b,2026-05-14T13:34:13
84dd61e8-a96f-4c00-86bf-6bb7fdea31a3,8d047c06-3ed9-4329-b5a5-866468dda608,2026-05-14T14:41:32
0ebe8b10-68f3-43ea-9a6c-6dd3d94efd79,0b4c9aed-9476-4e4e-8fae-f9c7fd09fe9e,2026-05-14T15:00:04
13bdeb87-b80d-4805-82a1-b5fa404035c2,85064e25-7e19-4051-b3cd-2798dcd7a9d5,2026-05-14T16:50:10
aeca0a75-d350-4c4e-b95b-1b443ed68f47,f55f59a6-a474-40bc-97f6-6eded3195318,2026-05-14T17:41:48
e99142dc-1fe1-4572-b396-6bf3673726a8,1e693977-7cb0-4c5c-b3a2-7637f444aad8,2026-05-14T17:53:15
b371b1f0-7511-4d4f-a51b-a16a340af70e,e84d4e73-912b-4361-95b5-a56d3bffb5c2,2026-05-15T04:13:55
680e7ef3-d5a0-4cb8-8756-20e0e6020f60,125c4553-b12b-40fc-9de7-6e237dde06f2,2026-05-15T07:54:41
382c6f08-b71b-4036-ab95-8d109905099a,0f2dbf10-fbbe-4a42-87fb-82703a012f53,2026-05-15T08:33:51
8a536690-db65-4fe6-9dd5-a9d63926a5c3,e44809dc-66e2-4a2a-a825-9f7c9d668f96,2026-05-15T09:03:28
2f35841d-7d03-43f5-8324-5d4318cf8534,77348adb-f0ea-44ae-a0b5-50902eaa26de,2026-05-15T09:06:28
409360e1-31dd-43cf-87ee-c16a2e454f7b,a781a1ce-6b47-4030-8138-fb48caab0584,2026-05-15T11:02:04
eaf52cd2-a245-46fe-934c-db9c1549af77,7083c319-6fb7-46f7-a05b-4c81006c223e,2026-05-15T11:39:59
6896ad2d-3f5b-4f3a-bcaf-1f0bc65da2d6,d76fa00f-7cdc-44ec-a04f-cb840be5f98e,2026-05-15T11:42:22
4b003a65-c4ae-4ce7-8159-5818e14fee59,91b9044c-9d45-431c-b663-f2c9ba697a5b,2026-05-15T12:38:42
e3ed92a7-02de-4ac8-b4fc-47c4daa71189,32b16251-6690-4f81-96a1-98c85156e7e9,2026-05-15T12:56:17
e3e6a712-e3d4-42bf-8e87-b0d2e3cf36c2,9dff9e06-a178-4b24-a6cc-c9140a8cde24,2026-05-15T13:50:08
b0ab08b5-272c-4b17-bdd4-66e5bdd51d58,b1db69d3-1510-4a70-b133-e2bc4830a5fc,2026-05-15T13:53:24
011d559d-55d7-4bef-a80a-7360e7bfa42f,992797a0-fc5e-4645-beb9-7085b5c82ff2,2026-05-15T13:59:33
c273dd66-0624-4142-8a05-08e9b2955763,442d8a3c-69cc-444a-ab4c-228cb33099a6,2026-05-15T14:17:21
e2e1fc08-dcf3-4421-a43f-d554a55f2b5c,75a1bb1f-d74e-4af0-a69b-4e1fe67ba003,2026-05-15T16:56:21
0bba12af-150a-4009-aa13-eab88019e706,ced07a43-7955-43e7-820a-e24de3fc02ef,2026-05-16T04:56:15
591248f4-a5f7-4e30-8a63-1da809186449,8c78156d-7d8f-4871-9a86-56b94d23c55c,2026-05-16T05:00:06
d8bc344b-d9a1-4fae-b56b-346374559541,c1a885a3-3e6d-4173-b442-53788b6f9eb5,2026-05-16T05:17:10
9989c4d4-9b14-4f95-8129-77be4524592e,75a1bb1f-d74e-4af0-a69b-4e1fe67ba003,2026-05-16T08:04:37
cc017835-698a-4034-b538-d2bf373dfb15,75284f26-7464-4819-b7de-c1e5c9656dfd,2026-05-16T09:27:50
b9acf71e-bd40-4f5e-81f5-9f5c5564d209,395885ca-005f-48f6-9df3-fc1d03ba5453,2026-05-16T09:30:34
a538fa01-151a-4427-b654-14b12c4a5886,6ec8f391-372f-4e0e-8731-35066b7006a6,2026-05-16T10:15:26
3466fc6d-f835-4ea5-90ed-ee505a407cb7,6305589b-a774-43fb-a888-491f6eb6ab0f,2026-05-16T12:12:08
e792a74b-4db9-47c4-abbc-7e82fff7ecba,55c7b5eb-a6c6-4866-902d-4872886cca27,2026-05-16T12:17:49
d76fa00f-7cdc-44ec-a04f-cb840be5f98e,e84d4e73-912b-4361-95b5-a56d3bffb5c2,2026-05-16T12:41:05
b5a71e77-bbb0-402d-b904-27ad7a054e19,9ad87130-ec29-4153-b295-68942c4f3072,2026-05-16T12:49:37
4cd2ff1b-e091-49ab-b68b-56ab8b4e9ea6,eb380d56-0c85-4504-a7af-c035ae7f5ffd,2026-05-16T13:00:51
f2e2c712-5fca-465a-ae0e-0e7cfbdc30ba,3f6a2384-fc73-462f-a62e-170e7ce37e6f,2026-05-16T13:03:44
442d8a3c-69cc-444a-ab4c-228cb33099a6,03936286-c87f-4d71-9a61-dae568aee85a,2026-05-16T13:44:43
eb380d56-0c85-4504-a7af-c035ae7f5ffd,b58045e8-9d4f-42d6-8bf5-08dd8c92c3db,2026-05-16T13:48:27
0b21644a-529c-4ca7-ac3f-1bbd85c133ce,c1a885a3-3e6d-4173-b442-53788b6f9eb5,2026-05-16T14:16:02
c70c6df3-e7b8-4f57-8ebe-2ef24ed31325,3fa8d231-deef-41ff-9322-8f99e6ad931e,2026-05-16T14:32:35
a1144f51-2f43-464d-98d4-527baae0ef72,e33512b2-8682-400d-b2b2-2a8484864edd,2026-05-16T14:46:53
137c4cc3-b5dd-4df6-9bf9-ca4482ce43e5,4d721911-c0b4-4acf-ae3e-597cd1916755,2026-05-16T15:46:37
5b5f4320-8e96-4cd5-b467-c4a754792a83,ca53101d-e7df-4c6b-8247-a0fcc36e28b4,2026-05-16T17:19:34
d9484983-bb68-4ba6-8deb-4bf1e80f15d0,682c4b93-987b-4518-af0f-783813e4c6bd,2026-05-17T01:22:53
7056818e-aa7a-4cf1-b04c-8c11678753d4,e33a325a-d456-4e7b-9bdb-1c3542068048,2026-05-17T06:38:17
aeca0a75-d350-4c4e-b95b-1b443ed68f47,dcea676f-3068-4630-910b-bf457f16c97a,2026-05-17T10:21:55
c70c6df3-e7b8-4f57-8ebe-2ef24ed31325,8b03cc55-7a7e-439b-8d0b-ff4097c9a581,2026-05-17T11:34:22
6dad5449-efb0-448c-806a-048215006fb5,c273dd66-0624-4142-8a05-08e9b2955763,2026-05-17T13:18:55
08451078-30a9-4d48-9a78-3637f887fd6e,0f2ad60f-3c14-4232-8fbf-6f251cb7ea1c,2026-05-17T15:14:34
a1144f51-2f43-464d-98d4-527baae0ef72,5a8b04bd-439d-465e-b2d6-e81278bf6e47,2026-05-17T18:13:47
7768c392-dd4f-4882-9d8e-4d3f8cfd3d07,06fee494-1c6b-4561-8db0-54ccc69a36e6,2026-05-18T04:26:31
6896ad2d-3f5b-4f3a-bcaf-1f0bc65da2d6,0b21644a-529c-4ca7-ac3f-1bbd85c133ce,2026-05-18T06:15:27
886d574f-9ff4-40f1-9b15-cb06758d83e0,cc2ca58a-a2e3-4c08-88ce-4ddf29b577ea,2026-05-18T06:45:10
0e16e1f3-098d-4843-ad0b-5b05945e636f,682c4b93-987b-4518-af0f-783813e4c6bd,2026-05-18T09:45:01
0b4c9aed-9476-4e4e-8fae-f9c7fd09fe9e,e33a325a-d456-4e7b-9bdb-1c3542068048,2026-05-18T09:59:03
4b003a65-c4ae-4ce7-8159-5818e14fee59,a8dcd76d-d6e8-4d37-99a9-4263f540a715,2026-05-18T13:31:04
6459693b-27c3-4883-8d40-84486547db23,55c7b5eb-a6c6-4866-902d-4872886cca27,2026-05-18T14:09:06
75284f26-7464-4819-b7de-c1e5c9656dfd,77f01c62-005e-45ae-8742-0eab6ae2638f,2026-05-18T14:09:51
011d559d-55d7-4bef-a80a-7360e7bfa42f,a1619c9b-db97-465a-9766-6b01f94261bc,2026-05-18T19:31:03
9ec9814c-d50c-4499-951a-8d2901d8be09,8a7789eb-b3cb-40a4-954f-42c19cc7a490,2026-05-19T09:17:16
6dad5449-efb0-448c-806a-048215006fb5,96be6607-a57b-4cb6-ba12-ce3ec972bf90,2026-05-19T09:38:14
4120cd79-3de8-4d49-bb41-7e93a9083394,0edd5190-a48d-4a47-ac0c-6407cd249bc7,2026-05-19T11:22:21
4cd2ff1b-e091-49ab-b68b-56ab8b4e9ea6,40680984-f074-4106-a126-2fda379ccb87,2026-05-19T11:55:30
a3059336-083b-41d2-afdd-ac86d52be299,8fe41a80-b0b0-4346-9a57-5c33fc005700,2026-05-19T12:24:11
8fe41a80-b0b0-4346-9a57-5c33fc005700,deed92ac-5da9-40cb-bb00-37228651c314,2026-05-19T12:47:31
c1a885a3-3e6d-4173-b442-53788b6f9eb5,60ce82d6-490c-4ef3-81c3-62c91d8f9f4a,2026-05-19T12:53:39
0f3ca38d-7208-4e4e-99c4-377464d89105,a1619c9b-db97-465a-9766-6b01f94261bc,2026-05-19T13:14:57
b3b15eb2-eb60-4249-b4e5-06ea9eebdcec,b58045e8-9d4f-42d6-8bf5-08dd8c92c3db,2026-05-19T13:45:45
184a7420-6ecd-45c5-baf2-c66a4ab88884,57660a0e-4f93-4199-b920-a4fa8db0ec4f,2026-05-19T13:56:06
ee5a6aaa-04bc-4835-8d07-6b638d68891c,67bf7e31-c186-445a-8cc6-c17c4e8718d3,2026-05-19T13:57:26
02cf8b3b-1bde-458d-bd74-2460984c12fd,a4faa07a-2ccd-41d3-8e3f-d29bab4ca344,2026-05-19T14:03:57
a337c1ef-d094-4dda-9a05-fe1ca9769686,15920c77-a94b-400d-a7a0-4ec2db45d601,2026-05-19T14:32:50
d009fbbd-ce83-41dc-bf6e-a092cfd5b3c3,15bab4a0-f6e9-4022-b78e-3af70f9a7ed1,2026-05-19T14:48:40
1d3e8de3-62ee-4043-afa7-74de9c737292,8f01d853-d30f-412d-9a25-282550a00bab,2026-05-19T14:50:16
d009fbbd-ce83-41dc-bf6e-a092cfd5b3c3,6dad5449-efb0-448c-806a-048215006fb5,2026-05-19T18:52:53
efe2bd50-4658-487d-a731-55814b0506bc,67bf7e31-c186-445a-8cc6-c17c4e8718d3,2026-05-20T00:34:35
bd96f83f-8536-4c4c-b5cc-b3f891eed8ce,e276f170-e719-46be-8ad6-83e8a460dabf,2026-05-20T07:32:32
2d3acf5b-df47-46c7-83af-9446943430b7,dcea676f-3068-4630-910b-bf457f16c97a,2026-05-20T07:43:30
ee5a6aaa-04bc-4835-8d07-6b638d68891c,e44809dc-66e2-4a2a-a825-9f7c9d668f96,2026-05-20T07:58:10
e99142dc-1fe1-4572-b396-6bf3673726a8,5a8b04bd-439d-465e-b2d6-e81278bf6e47,2026-05-20T08:47:15
a7922634-5573-4717-b384-5d7e50349cce,7707c427-0d8e-4b06-9d62-d792639bc60d,2026-05-20T12:00:27
13c61893-b371-401b-8f93-acb5edce67cc,92007210-f098-44f3-a4b3-5aa0f0184fce,2026-05-20T13:41:22
89ddd145-bd25-4c45-abcc-ceb94f81324f,75123381-0db0-49ba-a94c-b722086a08bd,2026-05-20T14:13:19
36c46700-0c9a-48fb-acfc-8a86a9781c24,aeca0a75-d350-4c4e-b95b-1b443ed68f47,2026-05-20T16:32:02
a62e19d0-a66d-43cb-b750-46503dbe6176,e9dc82a4-ddc4-4c2c-9e95-535ec495eedb,2026-05-21T07:36:13
df6d9fbe-dde0-4a00-b4d6-0e84a4673ec5,77348adb-f0ea-44ae-a0b5-50902eaa26de,2026-05-21T08:12:06
674897d9-9864-47e3-9a1b-ee38a3c70dc1,9da80341-1743-40e6-827f-090fb1500fe9,2026-05-21T08:33:49
6dad5449-efb0-448c-806a-048215006fb5,55eea2f1-60a1-4b54-bec8-fa102c7d7df2,2026-05-21T09:48:11
0f2ad60f-3c14-4232-8fbf-6f251cb7ea1c,2399c6c7-2a3d-4fc0-ade3-c55a372caf81,2026-05-21T10:27:50
dafefd06-ead9-442d-8267-834761e046da,7e4b2867-2fb9-47d5-8d58-8021073ba53d,2026-05-21T10:36:11
e2e1fc08-dcf3-4421-a43f-d554a55f2b5c,304f3b7b-b0a5-4c29-b658-0a3269fd4b2a,2026-05-21T11:17:50
2fad2d1a-936f-4b80-8527-5f3aeffa29da,70910535-9648-49ec-96c7-fb25f2cfedad,2026-05-21T12:21:29
89ddd145-bd25-4c45-abcc-ceb94f81324f,55c7b5eb-a6c6-4866-902d-4872886cca27,2026-05-21T12:26:33
a98fe90c-d940-4cde-9036-8113744a9182,7056818e-aa7a-4cf1-b04c-8c11678753d4,2026-05-21T12:35:15
ed490745-eeb2-4781-be42-4e50f60c8d2b,30d9508e-a544-41a9-af5b-877dce5dc55f,2026-05-21T13:04:52
70749b01-8c9a-45e7-b84b-34a409f87376,6ee3cb05-3895-4fc4-a8df-df9a1d93b6d8,2026-05-21T13:16:26
e3ed92a7-02de-4ac8-b4fc-47c4daa71189,686b4664-814e-46e5-9eec-b9bee9be71b0,2026-05-21T13:39:55
cf0fed59-70de-4d80-894f-d188c30be1d6,75284f26-7464-4819-b7de-c1e5c9656dfd,2026-05-21T13:52:10
304f3b7b-b0a5-4c29-b658-0a3269fd4b2a,1ee3e7fb-572c-4f28-8f18-0ff16ea99221,2026-05-21T15:03:35
06fee494-1c6b-4561-8db0-54ccc69a36e6,5e947396-7836-4276-b1ca-646c302ce9c8,2026-05-21T15:28:22
8564c90f-0f4e-444f-abb1-afbc13647950,cffeec02-77ad-4d94-8aa5-bca9f0eb75f5,2026-05-21T16:48:28
263e3da0-ef13-40d3-bf2c-c56fe8bd70c7,6d77db79-e659-4672-aa50-1c8d365ffb2a,2026-05-21T18:23:21
e33512b2-8682-400d-b2b2-2a8484864edd,360f1cf9-3f43-49ca-a078-7a639e07f928,2026-05-21T20:06:35
1e693977-7cb0-4c5c-b3a2-7637f444aad8,b59adf6a-9000-4983-8e36-a5025ca6dae4,2026-05-22T07:38:15
5eba7508-96a1-4346-8278-d352dcab4251,d9ba7371-2186-48bb-8d66-641789d9ff6b,2026-05-22T08:14:18
babe6898-594a-4879-bb39-fa566a6dbbd0,85064e25-7e19-4051-b3cd-2798dcd7a9d5,2026-05-22T09:11:10
c505ed28-60ed-4af7-802b-1a13d074c473,640ec9ee-8f11-4761-bd27-62c11542a080,2026-05-22T13:41:59
2012c636-5078-4479-8d7b-d7f513862480,3466fc6d-f835-4ea5-90ed-ee505a407cb7,2026-05-22T15:01:42
8a536690-db65-4fe6-9dd5-a9d63926a5c3,75284f26-7464-4819-b7de-c1e5c9656dfd,2026-05-22T15:06:49
388154aa-4f31-4c32-841d-558658116c4e,71eed40a-098e-408c-bf99-bfb43b09df9e,2026-05-22T15:39:58
a5928314-ebce-4868-8f57-3b6a48658484,98bfd71a-17c8-452c-bf01-e4e2da48957d,2026-05-22T18:15:24
04a09934-753f-4eaf-ac79-3976a6d5f93f,b59adf6a-9000-4983-8e36-a5025ca6dae4,2026-05-23T06:07:46
9dff9e06-a178-4b24-a6cc-c9140a8cde24,8fe41a80-b0b0-4346-9a57-5c33fc005700,2026-05-23T06:19:10
5b5f4320-8e96-4cd5-b467-c4a754792a83,cf0fed59-70de-4d80-894f-d188c30be1d6,2026-05-23T08:23:25
cffeec02-77ad-4d94-8aa5-bca9f0eb75f5,053a5b2e-c9de-453f-bd5b-79d8200ad807,2026-05-23T10:12:48
2d3acf5b-df47-46c7-83af-9446943430b7,57660a0e-4f93-4199-b920-a4fa8db0ec4f,2026-05-23T10:26:43
0f2ad60f-3c14-4232-8fbf-6f251cb7ea1c,680e7ef3-d5a0-4cb8-8756-20e0e6020f60,2026-05-23T11:37:40
8b974a25-2468-4112-8bc1-1d1cb1f71601,6d5e1358-f68c-4f85-9058-5afb1f9cd478,2026-05-23T11:56:39
8f01d853-d30f-412d-9a25-282550a00bab,60aae356-e78b-4f31-bb34-3ba95794a0e8,2026-05-23T12:23:14
e8da4288-f03e-42c0-9877-688ef2774053,162c2c09-f92f-48d8-bef5-e7fd3c285c2e,2026-05-23T13:10:04
42a74304-b382-42e5-be0e-cf81899ce5fa,8a536690-db65-4fe6-9dd5-a9d63926a5c3,2026-05-23T13:14:00
6bfb2f2e-7bf5-4cc3-9032-368f8f346741,184a7420-6ecd-45c5-baf2-c66a4ab88884,2026-05-23T14:03:51
a3059336-083b-41d2-afdd-ac86d52be299,a4faa07a-2ccd-41d3-8e3f-d29bab4ca344,2026-05-24T04:24:45
6bfb2f2e-7bf5-4cc3-9032-368f8f346741,d009fbbd-ce83-41dc-bf6e-a092cfd5b3c3,2026-05-24T05:48:17
8f01d853-d30f-412d-9a25-282550a00bab,dcd7b466-d06a-4546-b2e7-fcca1bed6ef2,2026-05-24T07:40:43
31e1e95b-d8ab-44d4-a04d-9d945e4b3c17,ee5551e2-f4e7-40e4-af02-376dea216c13,2026-05-24T08:57:48
011d559d-55d7-4bef-a80a-7360e7bfa42f,7a4bc178-406b-4e7a-92e1-3eb392bd0dac,2026-05-24T09:10:17
dcea676f-3068-4630-910b-bf457f16c97a,7e4b2867-2fb9-47d5-8d58-8021073ba53d,2026-05-24T09:47:31
11f384a4-8f2c-49a1-a6f0-372f1f72c743,8b974a25-2468-4112-8bc1-1d1cb1f71601,2026-05-24T09:55:45
9dff9e06-a178-4b24-a6cc-c9140a8cde24,d57dcd6a-5392-41a0-b569-c53aba0c0f30,2026-05-24T10:44:57
a3059336-083b-41d2-afdd-ac86d52be299,a62e19d0-a66d-43cb-b750-46503dbe6176,2026-05-24T11:00:16
8df42db8-0bec-4132-a8ce-712f59c191d7,263e3da0-ef13-40d3-bf2c-c56fe8bd70c7,2026-05-24T11:05:39
cf0fed59-70de-4d80-894f-d188c30be1d6,191a6a05-ed17-4adc-a378-5f682ff72601,2026-05-24T12:21:53
75a1bb1f-d74e-4af0-a69b-4e1fe67ba003,14727db8-4302-4c07-868e-bfcdbbadc4c4,2026-05-24T12:57:09
7de72835-a7b6-4a32-930d-e79c08244a59,c822c666-dd61-4f17-848d-6c42e73ff75c,2026-05-24T16:16:49
8df42db8-0bec-4132-a8ce-712f59c191d7,d3e71df9-3e74-4dc1-9c0a-c0f16a4548a2,2026-05-24T16:57:13
3466fc6d-f835-4ea5-90ed-ee505a407cb7,bc2d3ce6-c42e-4e7c-b042-14ff11e80332,2026-05-24T19:34:14
8bbc1c4e-c5d0-4145-9e7e-7c893d8990fa,60ce82d6-490c-4ef3-81c3-62c91d8f9f4a,2026-05-25T02:52:58
cf980661-7107-4a83-b08b-0ca8a482817f,5eba7508-96a1-4346-8278-d352dcab4251,2026-05-25T07:27:00
4d721911-c0b4-4acf-ae3e-597cd1916755,67bf7e31-c186-445a-8cc6-c17c4e8718d3,2026-05-25T07:34:21
96cabbb5-6d1c-4168-8646-3b5a506b153d,086747c9-b4ff-4fa8-aa8e-ee14e167f3d7,2026-05-25T08:03:57
18190c18-4637-4f09-af55-50ee21ee8725,03936286-c87f-4d71-9a61-dae568aee85a,2026-05-25T08:25:57
4b022f9d-5c0a-4c7c-8021-deb8a32d38a9,e9dc82a4-ddc4-4c2c-9e95-535ec495eedb,2026-05-25T11:33:35
a1144f51-2f43-464d-98d4-527baae0ef72,360e2f9a-3b18-4f02-8810-9fdbc2f64c7a,2026-05-25T12:43:57
5eba7508-96a1-4346-8278-d352dcab4251,e17b48c8-7369-4cdf-aff5-34c6e5003a6d,2026-05-25T13:01:43
4b003a65-c4ae-4ce7-8159-5818e14fee59,6ec8f391-372f-4e0e-8731-35066b7006a6,2026-05-25T13:23:00
75284f26-7464-4819-b7de-c1e5c9656dfd,18190c18-4637-4f09-af55-50ee21ee8725,2026-05-25T13:38:51
693c9564-6cdd-49d4-93a0-855de278fbb7,e84d4e73-912b-4361-95b5-a56d3bffb5c2,2026-05-25T14:00:27
6ee3cb05-3895-4fc4-a8df-df9a1d93b6d8,2008a183-dce3-4704-bbda-9160345223b4,2026-05-25T15:11:50
f3691353-bd4f-48e7-a423-4f1aadd0f8cc,fb6cfb2e-5ef4-4aa0-9712-817a96913dfa,2026-05-25T15:53:36
6d77db79-e659-4672-aa50-1c8d365ffb2a,7a21cb8a-d4ac-4654-8e24-d73988bf131e,2026-05-25T16:24:54
08451078-30a9-4d48-9a78-3637f887fd6e,f1ed2220-818d-494a-a06e-bb47525dbf67,2026-05-25T16:37:00
b98b7109-85e4-45f0-87cc-4d6d1e7984e9,2feb6ffc-57a1-42cb-b6e0-5bdf6721698a,2026-05-25T17:38:21
2fad2d1a-936f-4b80-8527-5f3aeffa29da,92007210-f098-44f3-a4b3-5aa0f0184fce,2026-05-25T18:36:30
85064e25-7e19-4051-b3cd-2798dcd7a9d5,cc017835-698a-4034-b538-d2bf373dfb15,2026-05-26T05:07:26
6bfb2f2e-7bf5-4cc3-9032-368f8f346741,2f35841d-7d03-43f5-8324-5d4318cf8534,2026-05-26T07:47:25
1e32cb74-c797-4ecc-acff-daab00cba029,8bbc1c4e-c5d0-4145-9e7e-7c893d8990fa,2026-05-26T10:39:57
85064e25-7e19-4051-b3cd-2798dcd7a9d5,7420d57f-342e-483d-b7e8-8a6851113356,2026-05-26T12:44:13
f0f187a0-9e0e-45e6-945a-751ca2000787,d57dcd6a-5392-41a0-b569-c53aba0c0f30,2026-05-26T14:47:44
8fe41a80-b0b0-4346-9a57-5c33fc005700,15bab4a0-f6e9-4022-b78e-3af70f9a7ed1,2026-05-26T14:56:51
43240187-03a2-431e-b018-db65bdb41cfe,5de02c5c-cf50-4cde-9e6e-ee093e8506c6,2026-05-26T16:19:42
7a4bc178-406b-4e7a-92e1-3eb392bd0dac,d3e71df9-3e74-4dc1-9c0a-c0f16a4548a2,2026-05-26T16:22:38
aeca0a75-d350-4c4e-b95b-1b443ed68f47,deed92ac-5da9-40cb-bb00-37228651c314,2026-05-26T16:42:42
babe6898-594a-4879-bb39-fa566a6dbbd0,31e1e95b-d8ab-44d4-a04d-9d945e4b3c17,2026-05-26T18:53:24
57660a0e-4f93-4199-b920-a4fa8db0ec4f,382c6f08-b71b-4036-ab95-8d109905099a,2026-05-26T19:30:22
125c4553-b12b-40fc-9de7-6e237dde06f2,a8b8b9c2-c04b-4254-87f1-6463b1e55c15,2026-05-26T19:33:38
a9002c54-fcaf-4288-a0cf-80d8c26fbfd4,0f2ad60f-3c14-4232-8fbf-6f251cb7ea1c,2026-05-27T07:18:49
8f01d853-d30f-412d-9a25-282550a00bab,5eba7508-96a1-4346-8278-d352dcab4251,2026-05-27T08:15:01
6f96b16d-ae13-4754-bb9f-3a4af87ca099,92007210-f098-44f3-a4b3-5aa0f0184fce,2026-05-27T09:57:45
8d047c06-3ed9-4329-b5a5-866468dda608,b79bb489-e17a-492c-83c5-d20fb6f66b22,2026-05-27T10:14:37
2d94daf6-c6ec-4e02-9e25-7beb5378f6b2,b5a71e77-bbb0-402d-b904-27ad7a054e19,2026-05-27T11:30:04
c5d82e9a-eb9c-4c9d-a3a2-43976ba6bbf9,639e0c7b-a1ec-46e8-aae1-175fa4f9ff36,2026-05-27T12:00:45
1f748696-e656-4988-8b6c-f7d6ff0e542d,deed92ac-5da9-40cb-bb00-37228651c314,2026-05-27T12:27:22
91b9044c-9d45-431c-b663-f2c9ba697a5b,e3dbabff-d818-4c3d-a4bf-70364410fbde,2026-05-27T12:54:24
b2f9b014-382b-4d0f-ab0b-c436e87190c0,0ebe8b10-68f3-43ea-9a6c-6dd3d94efd79,2026-05-27T12:56:05
e3e6a712-e3d4-42bf-8e87-b0d2e3cf36c2,382c6f08-b71b-4036-ab95-8d109905099a,2026-05-27T13:46:28
8b03cc55-7a7e-439b-8d0b-ff4097c9a581,958e8496-ce8d-46f6-bfe0-4ac853a2c764,2026-05-27T16:14:24
b1db69d3-1510-4a70-b133-e2bc4830a5fc,31e1e95b-d8ab-44d4-a04d-9d945e4b3c17,2026-05-28T04:26:03
92007210-f098-44f3-a4b3-5aa0f0184fce,2fad2d1a-936f-4b80-8527-5f3aeffa29da,2026-05-28T05:25:10
6459693b-27c3-4883-8d40-84486547db23,92007210-f098-44f3-a4b3-5aa0f0184fce,2026-05-28T08:59:44
b3b15eb2-eb60-4249-b4e5-06ea9eebdcec,18190c18-4637-4f09-af55-50ee21ee8725,2026-05-28T09:26:50
b371b1f0-7511-4d4f-a51b-a16a340af70e,60aae356-e78b-4f31-bb34-3ba95794a0e8,2026-05-28T09:35:48
36c46700-0c9a-48fb-acfc-8a86a9781c24,b58045e8-9d4f-42d6-8bf5-08dd8c92c3db,2026-05-28T10:06:13
640ec9ee-8f11-4761-bd27-62c11542a080,13bdeb87-b80d-4805-82a1-b5fa404035c2,2026-05-28T10:29:30
393eb2b0-f0b5-4173-9bdd-b7e4947acf90,e42f7168-5ca3-4392-b575-6ad56ea7303e,2026-05-28T10:55:05
c822c666-dd61-4f17-848d-6c42e73ff75c,9eb96d23-95c9-4f59-b7de-a2d4cc380efb,2026-05-28T11:22:14
31e1e95b-d8ab-44d4-a04d-9d945e4b3c17,b371b1f0-7511-4d4f-a51b-a16a340af70e,2026-05-28T11:51:38
e792a74b-4db9-47c4-abbc-7e82fff7ecba,77602bb2-3fb9-45a2-bf61-a211522e377b,2026-05-28T12:43:01
8c423157-f0ad-4968-985c-16296a6c61df,50994479-fdd3-44eb-a0d3-b685dcbd3bb7,2026-05-28T13:14:36
15bab4a0-f6e9-4022-b78e-3af70f9a7ed1,0ec5eaff-cfa4-47af-95fb-8ce3b3883153,2026-05-28T14:50:06
0d64e1e7-6132-46ec-befc-3d9c4de93ec0,e17b48c8-7369-4cdf-aff5-34c6e5003a6d,2026-05-28T15:30:19
a3059336-083b-41d2-afdd-ac86d52be299,1ee3e7fb-572c-4f28-8f18-0ff16ea99221,2026-05-28T16:11:30
42a74304-b382-42e5-be0e-cf81899ce5fa,ced07a43-7955-43e7-820a-e24de3fc02ef,2026-05-28T17:03:59
e2e1fc08-dcf3-4421-a43f-d554a55f2b5c,7de72835-a7b6-4a32-930d-e79c08244a59,2026-05-28T21:07:27
32b16251-6690-4f81-96a1-98c85156e7e9,442d8a3c-69cc-444a-ab4c-228cb33099a6,2026-05-29T00:23:29
8b03cc55-7a7e-439b-8d0b-ff4097c9a581,9ad87130-ec29-4153-b295-68942c4f3072,2026-05-29T06:44:34
dafefd06-ead9-442d-8267-834761e046da,50994479-fdd3-44eb-a0d3-b685dcbd3bb7,2026-05-29T08:54:19
682c4b93-987b-4518-af0f-783813e4c6bd,60aae356-e78b-4f31-bb34-3ba95794a0e8,2026-05-29T09:22:19
8b03cc55-7a7e-439b-8d0b-ff4097c9a581,8cd19b50-8652-453e-9f11-fa85c9058f8a,2026-05-29T10:43:37
02cf8b3b-1bde-458d-bd74-2460984c12fd,e42f7168-5ca3-4392-b575-6ad56ea7303e,2026-05-29T10:46:22
08451078-30a9-4d48-9a78-3637f887fd6e,a3b1ede0-ffaa-4fa8-898d-baf99446e64e,2026-05-29T10:55:37
e959e9a7-afb5-457a-812b-6fd39d12164b,edc2115b-cb3e-4aa5-9487-dd770f3a2efc,2026-05-29T11:07:23
75a1bb1f-d74e-4af0-a69b-4e1fe67ba003,f2e2c712-5fca-465a-ae0e-0e7cfbdc30ba,2026-05-29T11:23:34
ef2320fa-6bfe-408f-a0af-04e283dde11a,bb195791-ed24-42bc-b1ef-0512acbd7377,2026-05-29T12:22:44
4f0fe88f-6b0e-405c-937f-d3590c987645,a98fe90c-d940-4cde-9036-8113744a9182,2026-05-29T12:59:14
2b104372-52a3-49c2-9a04-faefb1546b2d,7de72835-a7b6-4a32-930d-e79c08244a59,2026-05-29T13:02:06
e17b48c8-7369-4cdf-aff5-34c6e5003a6d,7e4b2867-2fb9-47d5-8d58-8021073ba53d,2026-05-29T13:16:10
dcea676f-3068-4630-910b-bf457f16c97a,0628cf8d-ab5a-41d2-ba3e-36eace6cbd7a,2026-05-29T13:35:32
d76fa00f-7cdc-44ec-a04f-cb840be5f98e,7d331c92-ca5a-4cad-8e3c-b4f13db2b4be,2026-05-29T13:51:55
8e62766d-4a07-4ec7-9747-b36de360d213,e3ed92a7-02de-4ac8-b4fc-47c4daa71189,2026-05-29T14:03:00
f37aa24c-930b-4ec4-bb40-039a12df2646,71eed40a-098e-408c-bf99-bfb43b09df9e,2026-05-29T15:16:24
4b022f9d-5c0a-4c7c-8021-deb8a32d38a9,91b9044c-9d45-431c-b663-f2c9ba697a5b,2026-05-29T15:40:15
c9290e10-496e-4f64-9afd-a1d133724566,37e724ef-a147-4f4a-9af4-6627e98b6e89,2026-05-29T16:02:19
2d3acf5b-df47-46c7-83af-9446943430b7,735ca041-7b79-4311-8a50-62962f3b7a08,2026-05-29T16:36:33
f7b37dc3-2013-4279-a4c1-ab0476523237,5bc322be-4c02-47f7-90fb-a9f1abdff947,2026-05-29T16:39:57
ee5551e2-f4e7-40e4-af02-376dea216c13,d525ab88-8757-4b63-8f2d-6e9e5d7dc49d,2026-05-30T05:43:38
a8b8b9c2-c04b-4254-87f1-6463b1e55c15,0628cf8d-ab5a-41d2-ba3e-36eace6cbd7a,2026-05-30T05:46:46
b6a17892-8e3c-46dc-989b-b6368498ae4a,43240187-03a2-431e-b018-db65bdb41cfe,2026-05-30T07:28:13
9ec9814c-d50c-4499-951a-8d2901d8be09,ca53101d-e7df-4c6b-8247-a0fcc36e28b4,2026-05-30T10:56:32
5bc322be-4c02-47f7-90fb-a9f1abdff947,8b974a25-2468-4112-8bc1-1d1cb1f71601,2026-05-30T12:20:31
e8da4288-f03e-42c0-9877-688ef2774053,247b2861-38ce-4909-9cf6-a93bfd901a6c,2026-05-30T12:56:15
bc2d3ce6-c42e-4e7c-b042-14ff11e80332,cffeec02-77ad-4d94-8aa5-bca9f0eb75f5,2026-05-30T13:20:25
514034c9-d6c0-45a8-b22f-5a71dae564bf,ac9258cf-0183-42cf-abd1-ac514aeee94a,2026-05-30T15:51:06
96be6607-a57b-4cb6-ba12-ce3ec972bf90,037aab6a-4425-43b2-92dd-32fc52bf4944,2026-05-30T17:33:10
8b03cc55-7a7e-439b-8d0b-ff4097c9a581,7a21cb8a-d4ac-4654-8e24-d73988bf131e,2026-05-30T17:44:23
77faf55c-5b0f-478d-8a9f-6377a4315b5f,36c46700-0c9a-48fb-acfc-8a86a9781c24,2026-05-31T03:36:14
9989c4d4-9b14-4f95-8129-77be4524592e,d36f1246-7070-48dc-9f8e-03d60dc4a0d2,2026-05-31T05:23:46
6dad5449-efb0-448c-806a-048215006fb5,682c4b93-987b-4518-af0f-783813e4c6bd,2026-05-31T07:31:40
b6ceae83-fce5-4c17-8e0b-9b417e84e0c0,c19fb94e-c676-4c0b-abd7-9039c4d54162,2026-05-31T07:40:00
992797a0-fc5e-4645-beb9-7085b5c82ff2,e2e1fc08-dcf3-4421-a43f-d554a55f2b5c,2026-05-31T07:47:15
e891dddd-d9ad-4b82-8dc6-04c8582cbb27,70749b01-8c9a-45e7-b84b-34a409f87376,2026-05-31T08:51:57
18190c18-4637-4f09-af55-50ee21ee8725,31e1e95b-d8ab-44d4-a04d-9d945e4b3c17,2026-05-31T10:08:51
7308e119-6e6c-4c91-9ebb-aad34ddf9546,37643539-2424-4d8a-9940-4e8e60dd8c7d,2026-05-31T10:10:33
cc017835-698a-4034-b538-d2bf373dfb15,1e32cb74-c797-4ecc-acff-daab00cba029,2026-05-31T10:11:51
7083c319-6fb7-46f7-a05b-4c81006c223e,deed92ac-5da9-40cb-bb00-37228651c314,2026-05-31T10:16:11
360e2f9a-3b18-4f02-8810-9fdbc2f64c7a,c273dd66-0624-4142-8a05-08e9b2955763,2026-05-31T10:36:48
e665428c-d66a-4927-898d-a512e58767b1,71eed40a-098e-408c-bf99-bfb43b09df9e,2026-05-31T11:50:41
f0f187a0-9e0e-45e6-945a-751ca2000787,cf0fed59-70de-4d80-894f-d188c30be1d6,2026-05-31T12:27:53
3466fc6d-f835-4ea5-90ed-ee505a407cb7,d4582f0a-18c0-4110-adc4-fbce1ae3f34a,2026-05-31T12:43:07
7083c319-6fb7-46f7-a05b-4c81006c223e,b0191bd3-f493-40b9-875c-3a3672dde9b5,2026-05-31T14:53:26
deed92ac-5da9-40cb-bb00-37228651c314,30d9508e-a544-41a9-af5b-877dce5dc55f,2026-05-31T15:03:32
3f6a2384-fc73-462f-a62e-170e7ce37e6f,7a4bc178-406b-4e7a-92e1-3eb392bd0dac,2026-05-31T15:05:03
f6979682-20b9-4976-9827-3138e0d396b7,d36f1246-7070-48dc-9f8e-03d60dc4a0d2,2026-05-31T18:57:35
4120cd79-3de8-4d49-bb41-7e93a9083394,b2f9b014-382b-4d0f-ab0b-c436e87190c0,2026-06-01T01:20:48
2f35841d-7d03-43f5-8324-5d4318cf8534,c1a885a3-3e6d-4173-b442-53788b6f9eb5,2026-06-01T06:00:36
b1cdd0b1-568b-4a40-a179-77efdf6e09d6,84dd61e8-a96f-4c00-86bf-6bb7fdea31a3,2026-06-01T07:14:20
e792a74b-4db9-47c4-abbc-7e82fff7ecba,e33512b2-8682-400d-b2b2-2a8484864edd,2026-06-01T08:53:35
e3dbabff-d818-4c3d-a4bf-70364410fbde,a1619c9b-db97-465a-9766-6b01f94261bc,2026-06-01T08:58:02
a4faa07a-2ccd-41d3-8e3f-d29bab4ca344,a98fe90c-d940-4cde-9036-8113744a9182,2026-06-01T09:53:03
1e693977-7cb0-4c5c-b3a2-7637f444aad8,6f96b16d-ae13-4754-bb9f-3a4af87ca099,2026-06-01T11:16:17
0edd5190-a48d-4a47-ac0c-6407cd249bc7,babe6898-594a-4879-bb39-fa566a6dbbd0,2026-06-01T12:58:21
cd73f21f-1d32-4271-b562-a70811f6cfa3,aeca0a75-d350-4c4e-b95b-1b443ed68f47,2026-06-01T13:21:02
71f9db6d-e104-4af1-a59a-47ab690a4f6c,6bfb2f2e-7bf5-4cc3-9032-368f8f346741,2026-06-01T13:33:48
f66c0d4f-2202-41a4-99b2-e63b9351742e,038ea81d-6b63-4657-9669-658a2454f708,2026-06-01T13:59:34
55c7b5eb-a6c6-4866-902d-4872886cca27,2feb6ffc-57a1-42cb-b6e0-5bdf6721698a,2026-06-01T15:26:14
2d94daf6-c6ec-4e02-9e25-7beb5378f6b2,8cd19b50-8652-453e-9f11-fa85c9058f8a,2026-06-01T15:39:20
639e0c7b-a1ec-46e8-aae1-175fa4f9ff36,b225950d-e5bc-4a78-9ee2-1b1d6e5aa1a3,2026-06-01T15:43:46
8b974a25-2468-4112-8bc1-1d1cb1f71601,f37aa24c-930b-4ec4-bb40-039a12df2646,2026-06-01T16:45:26
f50a2c3a-e249-4004-849c-606ae24be306,0f3ca38d-7208-4e4e-99c4-377464d89105,2026-06-02T05:26:10
b2e14710-44eb-4589-8cf7-4b5e74320e8f,8a7789eb-b3cb-40a4-954f-42c19cc7a490,2026-06-02T08:04:07
7d97d148-2ea7-4a38-b944-44c9b3449a03,e3ed92a7-02de-4ac8-b4fc-47c4daa71189,2026-06-02T08:26:53
686b4664-814e-46e5-9eec-b9bee9be71b0,b3b15eb2-eb60-4249-b4e5-06ea9eebdcec,2026-06-02T08:55:11
02cf8b3b-1bde-458d-bd74-2460984c12fd,59b6d8ef-5d69-4e86-8043-f0721f0998fb,2026-06-02T09:01:04
77088a0f-4589-49ff-8e49-fdf6a019a672,6cf869ca-7c28-447c-967a-892e02700771,2026-06-02T10:29:14
693c9564-6cdd-49d4-93a0-855de278fbb7,8b03cc55-7a7e-439b-8d0b-ff4097c9a581,2026-06-02T10:29:53
e99142dc-1fe1-4572-b396-6bf3673726a8,0b4c9aed-9476-4e4e-8fae-f9c7fd09fe9e,2026-06-02T11:07:48
191a6a05-ed17-4adc-a378-5f682ff72601,b0191bd3-f493-40b9-875c-3a3672dde9b5,2026-06-02T11:15:21
b6a17892-8e3c-46dc-989b-b6368498ae4a,639e0c7b-a1ec-46e8-aae1-175fa4f9ff36,2026-06-02T11:32:08
13c61893-b371-401b-8f93-acb5edce67cc,2012c636-5078-4479-8d7b-d7f513862480,2026-06-02T13:10:31
dafefd06-ead9-442d-8267-834761e046da,49afcf65-4281-4015-a86f-b356f129e10a,2026-06-02T13:39:24
0f2ad60f-3c14-4232-8fbf-6f251cb7ea1c,e891dddd-d9ad-4b82-8dc6-04c8582cbb27,2026-06-02T14:44:17
9989c4d4-9b14-4f95-8129-77be4524592e,958e8496-ce8d-46f6-bfe0-4ac853a2c764,2026-06-02T23:30:37
b3b1ad12-35a4-4103-8dcb-d89947e435c0,c273dd66-0624-4142-8a05-08e9b2955763,2026-06-02T23:57:32
b371b1f0-7511-4d4f-a51b-a16a340af70e,c70c6df3-e7b8-4f57-8ebe-2ef24ed31325,2026-06-03T04:33:37
babe6898-594a-4879-bb39-fa566a6dbbd0,3466fc6d-f835-4ea5-90ed-ee505a407cb7,2026-06-03T06:53:49
d3e71df9-3e74-4dc1-9c0a-c0f16a4548a2,69852682-30c2-460b-8d9c-f0ef050016d0,2026-06-03T08:16:47
712ae4df-9ae1-40fa-b020-35c12aa47aa0,b6a17892-8e3c-46dc-989b-b6368498ae4a,2026-06-03T08:57:49
382c6f08-b71b-4036-ab95-8d109905099a,cffeec02-77ad-4d94-8aa5-bca9f0eb75f5,2026-06-03T09:30:41
f55f59a6-a474-40bc-97f6-6eded3195318,55c7b5eb-a6c6-4866-902d-4872886cca27,2026-06-03T11:07:54
7ba998b1-0d9f-4363-9f1a-058f04b18f31,85064e25-7e19-4051-b3cd-2798dcd7a9d5,2026-06-03T11:51:09
a62e19d0-a66d-43cb-b750-46503dbe6176,8c78156d-7d8f-4871-9a86-56b94d23c55c,2026-06-03T12:12:20
75a1bb1f-d74e-4af0-a69b-4e1fe67ba003,e44809dc-66e2-4a2a-a825-9f7c9d668f96,2026-06-03T13:14:25
b79bb489-e17a-492c-83c5-d20fb6f66b22,ef2320fa-6bfe-408f-a0af-04e283dde11a,2026-06-03T15:43:45
a1619c9b-db97-465a-9766-6b01f94261bc,5b5f4320-8e96-4cd5-b467-c4a754792a83,2026-06-04T08:42:00
77f01c62-005e-45ae-8742-0eab6ae2638f,60ce82d6-490c-4ef3-81c3-62c91d8f9f4a,2026-06-04T10:11:55
75284f26-7464-4819-b7de-c1e5c9656dfd,0051be17-a4ed-4a94-8c64-64baecef67f6,2026-06-04T10:16:32
40680984-f074-4106-a126-2fda379ccb87,edc2115b-cb3e-4aa5-9487-dd770f3a2efc,2026-06-04T13:33:36
a62e19d0-a66d-43cb-b750-46503dbe6176,b79bb489-e17a-492c-83c5-d20fb6f66b22,2026-06-04T13:39:08
d525ab88-8757-4b63-8f2d-6e9e5d7dc49d,31a53b9e-044e-4fd7-9180-b70a400fcfa3,2026-06-04T14:36:01
deed92ac-5da9-40cb-bb00-37228651c314,aeca0a75-d350-4c4e-b95b-1b443ed68f47,2026-06-04T14:43:28
84dd61e8-a96f-4c00-86bf-6bb7fdea31a3,b0191bd3-f493-40b9-875c-3a3672dde9b5,2026-06-04T16:11:12
ced07a43-7955-43e7-820a-e24de3fc02ef,a4faa07a-2ccd-41d3-8e3f-d29bab4ca344,2026-06-04T17:42:20
25e9d0fc-ddb3-4ebf-be43-aa1370ecd5e3,1ee3e7fb-572c-4f28-8f18-0ff16ea99221,2026-06-04T18:08:25
f6979682-20b9-4976-9827-3138e0d396b7,f50a2c3a-e249-4004-849c-606ae24be306,2026-06-05T01:03:09
6459693b-27c3-4883-8d40-84486547db23,0b4c9aed-9476-4e4e-8fae-f9c7fd09fe9e,2026-06-05T05:51:57
30d9508e-a544-41a9-af5b-877dce5dc55f,e665428c-d66a-4927-898d-a512e58767b1,2026-06-05T07:28:19
5bc322be-4c02-47f7-90fb-a9f1abdff947,8d047c06-3ed9-4329-b5a5-866468dda608,2026-06-05T08:37:12
c9290e10-496e-4f64-9afd-a1d133724566,c70c6df3-e7b8-4f57-8ebe-2ef24ed31325,2026-06-05T10:42:37
038ea81d-6b63-4657-9669-658a2454f708,ef2320fa-6bfe-408f-a0af-04e283dde11a,2026-06-05T11:09:58
b5a71e77-bbb0-402d-b904-27ad7a054e19,7d8fd5ff-316d-4adb-b116-e122747bd69d,2026-06-05T11:29:12
304f3b7b-b0a5-4c29-b658-0a3269fd4b2a,d09b7bb1-6397-43b8-9920-15cf2850b89b,2026-06-05T12:45:00
69852682-30c2-460b-8d9c-f0ef050016d0,5de02c5c-cf50-4cde-9e6e-ee093e8506c6,2026-06-05T13:23:54
6bfb2f2e-7bf5-4cc3-9032-368f8f346741,712ae4df-9ae1-40fa-b020-35c12aa47aa0,2026-06-05T13:34:19
92007210-f098-44f3-a4b3-5aa0f0184fce,e44809dc-66e2-4a2a-a825-9f7c9d668f96,2026-06-05T14:04:11
e3dbabff-d818-4c3d-a4bf-70364410fbde,4d721911-c0b4-4acf-ae3e-597cd1916755,2026-06-05T15:58:52
682c4b93-987b-4518-af0f-783813e4c6bd,bb195791-ed24-42bc-b1ef-0512acbd7377,2026-06-05T16:54:37
bc2d3ce6-c42e-4e7c-b042-14ff11e80332,b2f9b014-382b-4d0f-ab0b-c436e87190c0,2026-06-06T06:33:24
c70c6df3-e7b8-4f57-8ebe-2ef24ed31325,32b16251-6690-4f81-96a1-98c85156e7e9,2026-06-06T09:31:04
99230ffe-4df0-4473-b482-e93581a7f609,0f2dbf10-fbbe-4a42-87fb-82703a012f53,2026-06-06T09:59:53
87a996ff-a67c-47f6-bac2-cefdc0b80184,7413e02f-7635-4c9f-af5b-a526d6dad983,2026-06-06T10:37:30
5bc322be-4c02-47f7-90fb-a9f1abdff947,37643539-2424-4d8a-9940-4e8e60dd8c7d,2026-06-06T12:14:07
55484416-67d3-4844-a752-bccccac3a523,ee5551e2-f4e7-40e4-af02-376dea216c13,2026-06-06T14:26:01
8cd19b50-8652-453e-9f11-fa85c9058f8a,2fad2d1a-936f-4b80-8527-5f3aeffa29da,2026-06-06T14:33:58
25e9d0fc-ddb3-4ebf-be43-aa1370ecd5e3,04a09934-753f-4eaf-ac79-3976a6d5f93f,2026-06-06T14:47:59
9ad87130-ec29-4153-b295-68942c4f3072,8e62766d-4a07-4ec7-9747-b36de360d213,2026-06-06T16:12:41
cc2ca58a-a2e3-4c08-88ce-4ddf29b577ea,640ec9ee-8f11-4761-bd27-62c11542a080,2026-06-06T17:39:38
08f3409e-b7a4-4cfe-9c49-7f923ab42434,712ae4df-9ae1-40fa-b020-35c12aa47aa0,2026-06-06T18:41:45
693c9564-6cdd-49d4-93a0-855de278fbb7,aa91deb8-4e95-4dc9-8ffe-22c800985d18,2026-06-06T22:05:02
bc2d3ce6-c42e-4e7c-b042-14ff11e80332,0f2ad60f-3c14-4232-8fbf-6f251cb7ea1c,2026-06-06T22:07:41
8bbc1c4e-c5d0-4145-9e7e-7c893d8990fa,40680984-f074-4106-a126-2fda379ccb87,2026-06-06T22:09:40
04a09934-753f-4eaf-ac79-3976a6d5f93f,6f96b16d-ae13-4754-bb9f-3a4af87ca099,2026-06-07T04:48:04
1ee3e7fb-572c-4f28-8f18-0ff16ea99221,a98fe90c-d940-4cde-9036-8113744a9182,2026-06-07T07:05:53
f2e2c712-5fca-465a-ae0e-0e7cfbdc30ba,395885ca-005f-48f6-9df3-fc1d03ba5453,2026-06-07T07:22:04
a98fe90c-d940-4cde-9036-8113744a9182,3466fc6d-f835-4ea5-90ed-ee505a407cb7,2026-06-07T08:15:23
8a536690-db65-4fe6-9dd5-a9d63926a5c3,1e693977-7cb0-4c5c-b3a2-7637f444aad8,2026-06-07T08:51:26
e44809dc-66e2-4a2a-a825-9f7c9d668f96,7083c319-6fb7-46f7-a05b-4c81006c223e,2026-06-07T09:14:33
958e8496-ce8d-46f6-bfe0-4ac853a2c764,a1619c9b-db97-465a-9766-6b01f94261bc,2026-06-07T09:47:47
162c2c09-f92f-48d8-bef5-e7fd3c285c2e,e792a74b-4db9-47c4-abbc-7e82fff7ecba,2026-06-07T11:37:47
efe2bd50-4658-487d-a731-55814b0506bc,30d9508e-a544-41a9-af5b-877dce5dc55f,2026-06-07T16:45:19
e792a74b-4db9-47c4-abbc-7e82fff7ecba,f0f187a0-9e0e-45e6-945a-751ca2000787,2026-06-07T16:48:56
cf980661-7107-4a83-b08b-0ca8a482817f,881cc703-ed30-4d42-9914-420b5d1da34b,2026-06-07T17:58:50
e3dbabff-d818-4c3d-a4bf-70364410fbde,d57dcd6a-5392-41a0-b569-c53aba0c0f30,2026-06-08T07:39:26
b98b7109-85e4-45f0-87cc-4d6d1e7984e9,13c61893-b371-401b-8f93-acb5edce67cc,2026-06-08T09:05:14
cc0bc049-9bd7-49c1-8578-af62e9176210,70910535-9648-49ec-96c7-fb25f2cfedad,2026-06-08T09:18:53
6cf869ca-7c28-447c-967a-892e02700771,5de02c5c-cf50-4cde-9e6e-ee093e8506c6,2026-06-08T12:23:54
5de02c5c-cf50-4cde-9e6e-ee093e8506c6,8e62766d-4a07-4ec7-9747-b36de360d213,2026-06-08T12:41:10
7dc2a7f1-85aa-4259-af8c-bffd0b996df2,77348adb-f0ea-44ae-a0b5-50902eaa26de,2026-06-08T13:17:37
b9acf71e-bd40-4f5e-81f5-9f5c5564d209,e959e9a7-afb5-457a-812b-6fd39d12164b,2026-06-08T13:18:02
cf980661-7107-4a83-b08b-0ca8a482817f,f2e2c712-5fca-465a-ae0e-0e7cfbdc30ba,2026-06-08T15:02:36
e33a325a-d456-4e7b-9bdb-1c3542068048,7056818e-aa7a-4cf1-b04c-8c11678753d4,2026-06-08T18:39:05
f0488729-a720-46ff-8aae-7762fb7ec9a4,0d64e1e7-6132-46ec-befc-3d9c4de93ec0,2026-06-08T19:04:21
fb6cfb2e-5ef4-4aa0-9712-817a96913dfa,693c9564-6cdd-49d4-93a0-855de278fbb7,2026-06-08T19:55:53
fb6cfb2e-5ef4-4aa0-9712-817a96913dfa,b59adf6a-9000-4983-8e36-a5025ca6dae4,2026-06-08T21:46:06
a98fe90c-d940-4cde-9036-8113744a9182,60aae356-e78b-4f31-bb34-3ba95794a0e8,2026-06-08T23:15:59
7d97d148-2ea7-4a38-b944-44c9b3449a03,1ee3e7fb-572c-4f28-8f18-0ff16ea99221,2026-06-09T05:43:33
a8dcd76d-d6e8-4d37-99a9-4263f540a715,a4faa07a-2ccd-41d3-8e3f-d29bab4ca344,2026-06-09T07:11:42
77faf55c-5b0f-478d-8a9f-6377a4315b5f,6f96b16d-ae13-4754-bb9f-3a4af87ca099,2026-06-09T07:11:56
3f6a2384-fc73-462f-a62e-170e7ce37e6f,5eba7508-96a1-4346-8278-d352dcab4251,2026-06-09T08:01:44
393eb2b0-f0b5-4173-9bdd-b7e4947acf90,87a996ff-a67c-47f6-bac2-cefdc0b80184,2026-06-09T08:24:00
7056818e-aa7a-4cf1-b04c-8c11678753d4,8e62766d-4a07-4ec7-9747-b36de360d213,2026-06-09T08:55:32
4b003a65-c4ae-4ce7-8159-5818e14fee59,59b6d8ef-5d69-4e86-8043-f0721f0998fb,2026-06-09T10:55:27
e84d4e73-912b-4361-95b5-a56d3bffb5c2,e44809dc-66e2-4a2a-a825-9f7c9d668f96,2026-06-09T12:40:34
8f01d853-d30f-412d-9a25-282550a00bab,dafefd06-ead9-442d-8267-834761e046da,2026-06-09T13:34:29
dcea676f-3068-4630-910b-bf457f16c97a,0edd5190-a48d-4a47-ac0c-6407cd249bc7,2026-06-09T14:19:50
6896ad2d-3f5b-4f3a-bcaf-1f0bc65da2d6,d84d2e01-e994-4ed4-b42c-aee6ebb676e5,2026-06-09T14:27:25
cffeec02-77ad-4d94-8aa5-bca9f0eb75f5,0ebe8b10-68f3-43ea-9a6c-6dd3d94efd79,2026-06-09T22:12:34
7de72835-a7b6-4a32-930d-e79c08244a59,13c61893-b371-401b-8f93-acb5edce67cc,2026-06-10T01:13:14
7308e119-6e6c-4c91-9ebb-aad34ddf9546,b2f9b014-382b-4d0f-ab0b-c436e87190c0,2026-06-10T02:42:58
f66c0d4f-2202-41a4-99b2-e63b9351742e,8c78156d-7d8f-4871-9a86-56b94d23c55c,2026-06-10T04:12:31
a5928314-ebce-4868-8f57-3b6a48658484,591248f4-a5f7-4e30-8a63-1da809186449,2026-06-10T07:51:46
aa91deb8-4e95-4dc9-8ffe-22c800985d18,fb6cfb2e-5ef4-4aa0-9712-817a96913dfa,2026-06-10T08:40:30
5e947396-7836-4276-b1ca-646c302ce9c8,60ce82d6-490c-4ef3-81c3-62c91d8f9f4a,2026-06-10T08:48:32
6459693b-27c3-4883-8d40-84486547db23,5b5f4320-8e96-4cd5-b467-c4a754792a83,2026-06-10T09:36:29
ed3ff872-0a5c-4d4d-9115-b7191eb1a775,aa91deb8-4e95-4dc9-8ffe-22c800985d18,2026-06-10T09:56:08
d9484983-bb68-4ba6-8deb-4bf1e80f15d0,2008a183-dce3-4704-bbda-9160345223b4,2026-06-10T12:23:25
75284f26-7464-4819-b7de-c1e5c9656dfd,fb6cfb2e-5ef4-4aa0-9712-817a96913dfa,2026-06-10T13:15:00
fcfd494f-bd7e-43d7-85f4-4c5de406db8b,2399c6c7-2a3d-4fc0-ade3-c55a372caf81,2026-06-10T13:25:09
15920c77-a94b-400d-a7a0-4ec2db45d601,247b2861-38ce-4909-9cf6-a93bfd901a6c,2026-06-10T13:33:20
c505ed28-60ed-4af7-802b-1a13d074c473,1e32cb74-c797-4ecc-acff-daab00cba029,2026-06-10T16:38:41
91b9044c-9d45-431c-b663-f2c9ba697a5b,df6d9fbe-dde0-4a00-b4d6-0e84a4673ec5,2026-06-10T18:02:35
1ee3e7fb-572c-4f28-8f18-0ff16ea99221,1e693977-7cb0-4c5c-b3a2-7637f444aad8,2026-06-10T18:10:56
b5a71e77-bbb0-402d-b904-27ad7a054e19,8e62766d-4a07-4ec7-9747-b36de360d213,2026-06-11T08:32:41
7d97d148-2ea7-4a38-b944-44c9b3449a03,7cb08b4c-7c54-4d36-a70f-dc928d5e828a,2026-06-11T08:35:56
011d559d-55d7-4bef-a80a-7360e7bfa42f,393eb2b0-f0b5-4173-9bdd-b7e4947acf90,2026-06-11T08:52:03
a98fe90c-d940-4cde-9036-8113744a9182,5bc322be-4c02-47f7-90fb-a9f1abdff947,2026-06-11T09:48:13
b9acf71e-bd40-4f5e-81f5-9f5c5564d209,cc017835-698a-4034-b538-d2bf373dfb15,2026-06-11T12:18:10
7056818e-aa7a-4cf1-b04c-8c11678753d4,2b104372-52a3-49c2-9a04-faefb1546b2d,2026-06-11T13:03:05
c822c666-dd61-4f17-848d-6c42e73ff75c,5bb2a120-fe89-4072-b422-b11346899593,2026-06-11T13:49:59
053a5b2e-c9de-453f-bd5b-79d8200ad807,7e4b2867-2fb9-47d5-8d58-8021073ba53d,2026-06-11T13:55:42
77088a0f-4589-49ff-8e49-fdf6a019a672,e99142dc-1fe1-4572-b396-6bf3673726a8,2026-06-11T15:06:55
edc2115b-cb3e-4aa5-9487-dd770f3a2efc,75a1bb1f-d74e-4af0-a69b-4e1fe67ba003,2026-06-11T15:34:45
e99142dc-1fe1-4572-b396-6bf3673726a8,6ec8f391-372f-4e0e-8731-35066b7006a6,2026-06-11T16:54:23
11f384a4-8f2c-49a1-a6f0-372f1f72c743,ed490745-eeb2-4781-be42-4e50f60c8d2b,2026-06-11T17:23:11
11f384a4-8f2c-49a1-a6f0-372f1f72c743,84dd61e8-a96f-4c00-86bf-6bb7fdea31a3,2026-06-11T18:38:04
77f01c62-005e-45ae-8742-0eab6ae2638f,d76fa00f-7cdc-44ec-a04f-cb840be5f98e,2026-06-11T23:15:55
8c423157-f0ad-4968-985c-16296a6c61df,c4d730c7-f43c-42ea-b3f4-7a32f5401a8f,2026-06-12T05:21:52
a5928314-ebce-4868-8f57-3b6a48658484,71eed40a-098e-408c-bf99-bfb43b09df9e,2026-06-12T06:17:03
96be6607-a57b-4cb6-ba12-ce3ec972bf90,32b16251-6690-4f81-96a1-98c85156e7e9,2026-06-12T09:43:27
f07d16f8-ab2b-48ad-ab13-5509cd5159e3,11f384a4-8f2c-49a1-a6f0-372f1f72c743,2026-06-12T09:46:01
5bc322be-4c02-47f7-90fb-a9f1abdff947,680e7ef3-d5a0-4cb8-8756-20e0e6020f60,2026-06-12T09:47:13
7d97d148-2ea7-4a38-b944-44c9b3449a03,7dc2a7f1-85aa-4259-af8c-bffd0b996df2,2026-06-12T11:19:20
b5a71e77-bbb0-402d-b904-27ad7a054e19,8bbc1c4e-c5d0-4145-9e7e-7c893d8990fa,2026-06-12T11:49:22
8d047c06-3ed9-4329-b5a5-866468dda608,e3ed92a7-02de-4ac8-b4fc-47c4daa71189,2026-06-12T12:55:56
5bc322be-4c02-47f7-90fb-a9f1abdff947,a1144f51-2f43-464d-98d4-527baae0ef72,2026-06-12T13:16:03
9cdadaa9-1adf-4511-9238-e87981fd82e7,f7b37dc3-2013-4279-a4c1-ab0476523237,2026-06-12T13:17:05
b0191bd3-f493-40b9-875c-3a3672dde9b5,0ebe8b10-68f3-43ea-9a6c-6dd3d94efd79,2026-06-12T14:05:49
b6a17892-8e3c-46dc-989b-b6368498ae4a,7056818e-aa7a-4cf1-b04c-8c11678753d4,2026-06-12T14:38:49
f37aa24c-930b-4ec4-bb40-039a12df2646,89e51024-6ff3-44da-adae-ab2cb5289e58,2026-06-12T16:57:19
e33a325a-d456-4e7b-9bdb-1c3542068048,686b4664-814e-46e5-9eec-b9bee9be71b0,2026-06-13T03:05:44
6459693b-27c3-4883-8d40-84486547db23,7a21cb8a-d4ac-4654-8e24-d73988bf131e,2026-06-13T07:55:10
0833b2cd-8eec-4f43-afc8-c9a1b4c35714,8c78156d-7d8f-4871-9a86-56b94d23c55c,2026-06-13T09:55:55
d3e71df9-3e74-4dc1-9c0a-c0f16a4548a2,e42f7168-5ca3-4392-b575-6ad56ea7303e,2026-06-13T11:15:31
360f1cf9-3f43-49ca-a078-7a639e07f928,a2945da3-7417-4b2d-aa6a-749d3cda89a9,2026-06-13T11:34:02
8c78156d-7d8f-4871-9a86-56b94d23c55c,d76fa00f-7cdc-44ec-a04f-cb840be5f98e,2026-06-13T15:22:08
9da80341-1743-40e6-827f-090fb1500fe9,b5a71e77-bbb0-402d-b904-27ad7a054e19,2026-06-14T02:50:06
8fe41a80-b0b0-4346-9a57-5c33fc005700,b9acf71e-bd40-4f5e-81f5-9f5c5564d209,2026-06-14T03:08:07
682c4b93-987b-4518-af0f-783813e4c6bd,8c78156d-7d8f-4871-9a86-56b94d23c55c,2026-06-14T06:56:00
8bbc1c4e-c5d0-4145-9e7e-7c893d8990fa,162c2c09-f92f-48d8-bef5-e7fd3c285c2e,2026-06-14T07:39:43
55eea2f1-60a1-4b54-bec8-fa102c7d7df2,85064e25-7e19-4051-b3cd-2798dcd7a9d5,2026-06-14T07:59:36
babe6898-594a-4879-bb39-fa566a6dbbd0,2d3acf5b-df47-46c7-83af-9446943430b7,2026-06-14T08:46:41
8c78156d-7d8f-4871-9a86-56b94d23c55c,13c61893-b371-401b-8f93-acb5edce67cc,2026-06-14T08:51:36
e276f170-e719-46be-8ad6-83e8a460dabf,c4d730c7-f43c-42ea-b3f4-7a32f5401a8f,2026-06-14T09:12:34
43240187-03a2-431e-b018-db65bdb41cfe,037aab6a-4425-43b2-92dd-32fc52bf4944,2026-06-14T10:06:32
162c2c09-f92f-48d8-bef5-e7fd3c285c2e,60aae356-e78b-4f31-bb34-3ba95794a0e8,2026-06-14T10:16:00
e44809dc-66e2-4a2a-a825-9f7c9d668f96,7e4b2867-2fb9-47d5-8d58-8021073ba53d,2026-06-14T10:19:42
137c4cc3-b5dd-4df6-9bf9-ca4482ce43e5,1d3e8de3-62ee-4043-afa7-74de9c737292,2026-06-14T10:28:00
0051be17-a4ed-4a94-8c64-64baecef67f6,a1144f51-2f43-464d-98d4-527baae0ef72,2026-06-14T10:30:45
382c6f08-b71b-4036-ab95-8d109905099a,cc0bc049-9bd7-49c1-8578-af62e9176210,2026-06-14T10:43:53
96cabbb5-6d1c-4168-8646-3b5a506b153d,55eea2f1-60a1-4b54-bec8-fa102c7d7df2,2026-06-14T11:03:48
57660a0e-4f93-4199-b920-a4fa8db0ec4f,7dc2a7f1-85aa-4259-af8c-bffd0b996df2,2026-06-14T11:48:29
e3ed92a7-02de-4ac8-b4fc-47c4daa71189,87a996ff-a67c-47f6-bac2-cefdc0b80184,2026-06-14T12:40:25
7dc2a7f1-85aa-4259-af8c-bffd0b996df2,3c0e484d-13b0-4e02-8016-3ba1306e488b,2026-06-14T12:53:21
3fa8d231-deef-41ff-9322-8f99e6ad931e,cc017835-698a-4034-b538-d2bf373dfb15,2026-06-14T13:41:38
792d6838-fce7-488b-911d-5913f8984cda,b371b1f0-7511-4d4f-a51b-a16a340af70e,2026-06-14T19:31:34
c9290e10-496e-4f64-9afd-a1d133724566,75a1bb1f-d74e-4af0-a69b-4e1fe67ba003,2026-06-14T21:26:04
9ad87130-ec29-4153-b295-68942c4f3072,d009fbbd-ce83-41dc-bf6e-a092cfd5b3c3,2026-06-14T22:48:37
